# x, y
0.24,0.13,0.24,0.13,0.52,0.22,0.09,0.14,0.30,0.34,0.05,0.03,0.05,0.02,0.19,0.07,0.05,0.15,0.17,0.05,0.20,0.10,0.18,0.09,0.53,0.13,0.13,0.25,0.24,0.17,1.00
0.13,0.30,0.12,0.06,0.33,0.13,0.07,0.08,0.59,0.30,0.10,0.22,0.09,0.03,0.20,0.13,0.07,0.19,0.16,0.10,0.11,0.36,0.10,0.05,0.34,0.12,0.10,0.23,0.32,0.20,1.00
0.52,0.37,0.52,0.37,0.43,0.34,0.27,0.39,0.53,0.23,0.23,0.21,0.22,0.15,0.21,0.19,0.09,0.31,0.30,0.11,0.48,0.37,0.46,0.30,0.39,0.20,0.20,0.51,0.33,0.14,0.00
0.36,0.19,0.36,0.22,0.55,0.35,0.23,0.35,0.53,0.28,0.14,0.08,0.14,0.07,0.13,0.31,0.11,0.31,0.23,0.14,0.30,0.17,0.29,0.15,0.37,0.27,0.21,0.48,0.31,0.19,1.00
0.32,0.22,0.30,0.18,0.36,0.16,0.04,0.09,0.29,0.24,0.03,0.03,0.03,0.02,0.07,0.04,0.02,0.10,0.04,0.03,0.28,0.22,0.25,0.14,0.36,0.13,0.10,0.30,0.24,0.15,1.00
0.22,0.50,0.23,0.11,0.64,0.42,0.11,0.23,0.54,0.51,0.07,0.36,0.07,0.03,0.38,0.25,0.05,0.33,0.11,0.17,0.18,0.54,0.18,0.07,0.70,0.29,0.11,0.45,0.24,0.29,1.00
0.29,0.37,0.29,0.17,0.31,0.27,0.25,0.17,0.25,0.22,0.07,0.09,0.07,0.04,0.19,0.22,0.12,0.24,0.11,0.08,0.24,0.36,0.25,0.12,0.42,0.32,0.36,0.41,0.20,0.18,1.00
0.20,0.82,0.19,0.10,0.23,0.05,0.01,0.03,0.40,0.18,0.04,0.28,0.03,0.02,0.09,0.03,0.01,0.06,0.16,0.06,0.16,0.79,0.14,0.07,0.19,0.04,0.02,0.10,0.27,0.12,1.00
0.20,0.15,0.19,0.10,0.18,0.13,0.11,0.07,0.32,0.23,0.11,0.10,0.12,0.04,0.13,0.24,0.11,0.28,0.33,0.14,0.15,0.10,0.15,0.07,0.12,0.10,0.10,0.13,0.20,0.10,1.00
0.50,1.00,0.48,0.33,0.41,0.34,0.33,0.44,0.38,0.20,0.15,0.11,0.11,0.08,0.11,0.19,0.07,0.26,0.06,0.06,0.52,0.88,0.45,0.30,0.43,0.34,0.26,0.71,0.25,0.20,0.00
0.27,0.25,0.25,0.15,0.30,0.11,0.07,0.11,0.37,0.17,0.02,0.07,0.02,0.01,0.07,0.05,0.03,0.13,0.12,0.03,0.23,0.27,0.21,0.11,0.34,0.12,0.15,0.34,0.34,0.12,1.00
0.36,0.46,0.35,0.22,0.31,0.14,0.20,0.26,0.29,0.09,0.11,0.28,0.10,0.05,0.22,0.11,0.09,0.30,0.13,0.07,0.28,0.52,0.26,0.14,0.40,0.13,0.21,0.47,0.18,0.09,0.00
0.23,0.29,0.22,0.12,0.27,0.09,0.05,0.07,0.41,0.23,0.04,0.06,0.04,0.02,0.19,0.05,0.03,0.15,0.17,0.06,0.18,0.25,0.17,0.08,0.29,0.06,0.07,0.22,0.24,0.12,1.00
0.33,0.23,0.31,0.19,0.14,0.10,0.05,0.07,0.38,0.11,0.02,0.05,0.03,0.01,0.05,0.08,0.03,0.09,0.07,0.04,0.26,0.26,0.25,0.13,0.15,0.17,0.11,0.21,0.22,0.14,1.00
0.37,0.24,0.38,0.23,0.57,0.45,0.40,0.44,0.55,0.37,0.11,0.13,0.11,0.06,0.18,0.18,0.08,0.24,0.11,0.10,0.39,0.41,0.38,0.22,0.77,0.41,0.38,0.70,0.40,0.34,0.00
0.28,0.52,0.27,0.16,0.28,0.10,0.03,0.09,0.31,0.10,0.05,0.19,0.04,0.03,0.15,0.05,0.01,0.12,0.06,0.02,0.23,0.53,0.20,0.11,0.33,0.08,0.04,0.20,0.15,0.05,1.00
0.08,0.16,0.07,0.04,0.35,0.07,0.00,0.00,0.33,0.36,0.04,0.09,0.03,0.01,0.25,0.04,0.00,0.00,0.27,0.09,0.05,0.13,0.04,0.02,0.30,0.04,0.00,0.00,0.20,0.15,1.00
0.33,0.32,0.31,0.19,0.25,0.10,0.07,0.10,0.26,0.13,0.08,0.13,0.06,0.04,0.07,0.06,0.04,0.12,0.04,0.05,0.30,0.38,0.27,0.16,0.23,0.11,0.13,0.28,0.16,0.14,1.00
0.25,0.69,0.23,0.14,0.22,0.04,0.00,0.00,0.32,0.20,0.12,0.73,0.10,0.05,0.19,0.04,0.00,0.00,0.33,0.08,0.20,0.69,0.17,0.09,0.15,0.02,0.00,0.00,0.17,0.08,1.00
0.21,0.21,0.20,0.11,0.34,0.12,0.06,0.12,0.29,0.29,0.02,0.09,0.02,0.01,0.25,0.05,0.02,0.12,0.14,0.07,0.16,0.23,0.15,0.07,0.54,0.08,0.08,0.23,0.25,0.21,1.00
0.37,0.36,0.36,0.23,0.39,0.20,0.16,0.25,0.22,0.16,0.04,0.28,0.04,0.03,0.13,0.09,0.05,0.22,0.16,0.03,0.29,0.44,0.27,0.15,0.33,0.11,0.14,0.35,0.16,0.07,1.00
0.14,0.28,0.14,0.07,0.40,0.34,0.31,0.18,0.31,0.66,0.12,0.42,0.11,0.04,0.38,0.64,0.30,0.47,0.44,0.59,0.12,0.33,0.11,0.05,0.39,0.26,0.28,0.34,0.21,0.40,1.00
0.50,0.32,0.49,0.34,0.33,0.31,0.24,0.37,0.23,0.10,0.10,0.10,0.11,0.06,0.15,0.18,0.07,0.25,0.11,0.06,0.44,0.37,0.44,0.26,0.44,0.31,0.28,0.67,0.27,0.15,0.00
0.89,0.26,0.90,0.79,0.56,0.67,0.79,0.95,0.45,0.24,0.32,0.11,0.30,0.27,0.16,0.30,0.11,0.29,0.22,0.09,0.90,0.31,0.89,0.75,0.54,0.55,0.52,0.95,0.42,0.22,0.00
0.31,0.14,0.31,0.18,0.47,0.31,0.18,0.22,0.46,0.28,0.05,0.03,0.06,0.03,0.14,0.16,0.06,0.16,0.15,0.07,0.25,0.14,0.25,0.12,0.44,0.24,0.21,0.31,0.30,0.18,1.00
0.33,0.22,0.31,0.19,0.31,0.11,0.04,0.10,0.18,0.19,0.05,0.22,0.05,0.03,0.13,0.04,0.01,0.11,0.11,0.04,0.26,0.36,0.23,0.13,0.29,0.07,0.04,0.19,0.16,0.11,1.00
0.32,0.30,0.31,0.18,0.42,0.27,0.13,0.19,0.33,0.39,0.08,0.20,0.07,0.04,0.17,0.15,0.05,0.26,0.15,0.10,0.26,0.36,0.24,0.13,0.47,0.22,0.15,0.44,0.25,0.23,1.00
0.32,0.20,0.30,0.18,0.38,0.14,0.11,0.19,0.33,0.14,0.08,0.07,0.06,0.04,0.16,0.08,0.05,0.21,0.16,0.03,0.25,0.19,0.22,0.12,0.37,0.10,0.12,0.32,0.19,0.07,1.00
0.44,0.46,0.45,0.30,0.40,0.40,0.42,0.44,0.56,0.26,0.12,0.15,0.10,0.07,0.13,0.28,0.15,0.31,0.34,0.11,0.41,0.51,0.39,0.24,0.46,0.43,0.57,0.77,0.64,0.27,0.00
0.23,0.29,0.22,0.12,0.42,0.12,0.06,0.17,0.28,0.27,0.19,0.39,0.16,0.08,0.13,0.06,0.03,0.27,0.11,0.06,0.19,0.30,0.17,0.09,0.28,0.05,0.05,0.25,0.08,0.09,0.00
0.22,0.35,0.22,0.12,0.44,0.23,0.10,0.11,0.40,0.31,0.03,0.11,0.03,0.02,0.12,0.11,0.05,0.10,0.09,0.06,0.19,0.45,0.18,0.09,0.55,0.26,0.22,0.28,0.32,0.23,1.00
0.35,0.24,0.32,0.21,0.11,0.02,0.02,0.03,0.23,0.08,0.01,0.08,0.00,0.01,0.06,0.01,0.01,0.07,0.11,0.02,0.25,0.23,0.22,0.12,0.10,0.02,0.03,0.11,0.18,0.04,1.00
0.35,0.34,0.36,0.22,0.32,0.45,0.32,0.33,0.33,0.46,0.28,0.31,0.17,0.13,0.21,0.78,0.25,0.52,0.46,0.76,0.28,0.27,0.26,0.14,0.19,0.21,0.18,0.35,0.14,0.22,1.00
0.52,0.38,0.56,0.36,0.64,0.73,0.75,0.60,0.53,0.45,0.11,0.09,0.11,0.06,0.19,0.26,0.16,0.20,0.11,0.15,0.46,0.42,0.49,0.27,0.77,0.55,0.72,0.67,0.33,0.42,0.00
0.49,0.25,0.48,0.33,0.43,0.26,0.30,0.42,0.38,0.13,0.07,0.11,0.07,0.05,0.10,0.10,0.06,0.24,0.09,0.05,0.42,0.35,0.40,0.25,0.47,0.21,0.27,0.64,0.31,0.17,0.00
0.26,0.26,0.25,0.14,0.33,0.17,0.08,0.12,0.24,0.22,0.02,0.09,0.02,0.01,0.07,0.09,0.03,0.13,0.11,0.02,0.22,0.33,0.21,0.10,0.37,0.22,0.16,0.36,0.29,0.14,1.00
0.31,0.52,0.31,0.19,0.38,0.20,0.20,0.22,0.28,0.18,0.12,0.21,0.10,0.07,0.14,0.09,0.07,0.19,0.10,0.05,0.32,0.62,0.29,0.18,0.37,0.16,0.25,0.41,0.21,0.12,0.00
0.25,0.15,0.23,0.13,0.22,0.04,0.03,0.03,0.31,0.14,0.04,0.05,0.03,0.02,0.12,0.03,0.03,0.10,0.17,0.00,0.18,0.12,0.16,0.08,0.19,0.03,0.03,0.06,0.14,0.03,1.00
0.38,0.42,0.37,0.24,0.34,0.16,0.12,0.17,0.28,0.14,0.07,0.10,0.06,0.04,0.10,0.06,0.04,0.17,0.04,0.03,0.36,0.52,0.34,0.21,0.45,0.17,0.22,0.53,0.22,0.16,0.00
0.23,0.26,0.22,0.12,0.28,0.11,0.06,0.11,0.41,0.15,0.03,0.19,0.02,0.01,0.20,0.10,0.04,0.16,0.14,0.03,0.18,0.37,0.17,0.08,0.43,0.14,0.11,0.31,0.30,0.10,1.00
0.43,0.28,0.44,0.28,0.46,0.42,0.32,0.39,0.47,0.32,0.08,0.07,0.07,0.05,0.08,0.20,0.07,0.17,0.13,0.10,0.44,0.41,0.41,0.26,0.48,0.54,0.42,0.64,0.53,0.45,0.00
0.13,0.35,0.13,0.06,0.45,0.10,0.02,0.04,0.15,0.40,0.08,0.37,0.06,0.02,0.32,0.09,0.01,0.10,0.14,0.16,0.11,0.38,0.09,0.04,0.40,0.07,0.02,0.08,0.07,0.23,1.00
0.20,0.35,0.21,0.11,0.25,0.30,0.22,0.28,0.78,0.26,0.14,0.34,0.10,0.05,0.48,0.60,0.20,0.66,0.37,0.19,0.14,0.27,0.14,0.06,0.21,0.15,0.12,0.32,0.27,0.10,1.00
0.37,0.48,0.37,0.22,0.58,0.39,0.30,0.45,0.45,0.35,0.09,0.20,0.08,0.05,0.17,0.16,0.06,0.22,0.16,0.08,0.33,0.57,0.32,0.18,0.62,0.30,0.24,0.55,0.35,0.22,0.00
0.17,0.52,0.17,0.09,0.40,0.16,0.06,0.08,0.42,0.28,0.05,0.25,0.03,0.02,0.19,0.06,0.03,0.12,0.19,0.06,0.15,0.62,0.14,0.07,0.52,0.11,0.09,0.21,0.36,0.17,1.00
0.62,0.33,0.62,0.47,0.55,0.40,0.50,0.63,0.34,0.22,0.12,0.14,0.11,0.09,0.25,0.19,0.14,0.36,0.23,0.11,0.50,0.35,0.48,0.32,0.63,0.26,0.42,0.75,0.29,0.17,0.00
0.28,0.39,0.27,0.16,0.21,0.20,0.14,0.09,0.26,0.24,0.14,0.32,0.08,0.06,0.15,0.32,0.13,0.25,0.26,0.24,0.23,0.40,0.21,0.11,0.15,0.16,0.15,0.19,0.18,0.17,1.00
0.31,0.27,0.29,0.18,0.24,0.06,0.05,0.06,0.26,0.11,0.05,0.18,0.04,0.03,0.07,0.02,0.03,0.10,0.08,0.01,0.27,0.38,0.24,0.14,0.22,0.05,0.08,0.18,0.15,0.05,1.00
0.25,0.31,0.24,0.14,0.28,0.07,0.02,0.04,0.24,0.20,0.03,0.26,0.02,0.01,0.21,0.05,0.02,0.12,0.16,0.05,0.19,0.44,0.17,0.09,0.34,0.06,0.03,0.14,0.19,0.11,1.00
0.60,0.29,0.60,0.45,0.54,0.45,0.59,0.64,0.49,0.23,0.23,0.15,0.19,0.17,0.08,0.15,0.10,0.25,0.13,0.08,0.67,0.38,0.62,0.50,0.48,0.35,0.54,0.77,0.41,0.24,0.00
0.29,0.14,0.27,0.16,0.28,0.06,0.01,0.04,0.20,0.11,0.10,0.10,0.09,0.05,0.08,0.02,0.01,0.09,0.09,0.05,0.24,0.14,0.22,0.12,0.20,0.03,0.01,0.12,0.11,0.07,1.00
0.18,0.49,0.17,0.09,0.26,0.14,0.04,0.04,0.46,0.28,0.15,0.34,0.13,0.05,0.22,0.12,0.03,0.11,0.24,0.07,0.18,0.52,0.17,0.08,0.33,0.13,0.05,0.11,0.29,0.14,1.00
0.64,0.27,0.62,0.50,0.29,0.18,0.20,0.35,0.38,0.14,0.16,0.08,0.12,0.13,0.12,0.08,0.05,0.25,0.08,0.09,0.61,0.30,0.54,0.44,0.35,0.15,0.19,0.64,0.23,0.22,0.00
0.22,0.11,0.21,0.11,0.34,0.17,0.10,0.17,0.28,0.33,0.04,0.04,0.03,0.02,0.15,0.08,0.04,0.13,0.12,0.06,0.18,0.14,0.16,0.08,0.48,0.15,0.15,0.29,0.24,0.21,1.00
0.59,0.77,0.58,0.46,0.29,0.29,0.27,0.33,0.19,0.07,0.23,0.21,0.19,0.19,0.13,0.18,0.07,0.20,0.08,0.05,0.71,0.89,0.65,0.56,0.46,0.37,0.32,0.56,0.23,0.14,0.00
0.29,0.29,0.28,0.17,0.20,0.12,0.11,0.14,0.20,0.12,0.03,0.07,0.02,0.02,0.14,0.10,0.04,0.16,0.04,0.03,0.25,0.32,0.22,0.12,0.38,0.16,0.15,0.36,0.13,0.09,1.00
0.20,0.12,0.20,0.10,0.58,0.29,0.11,0.24,0.36,0.23,0.08,0.22,0.05,0.04,0.32,0.25,0.06,0.37,0.11,0.09,0.14,0.10,0.13,0.06,0.43,0.15,0.07,0.30,0.11,0.08,1.00
0.55,0.27,0.55,0.40,0.52,0.46,0.46,0.50,0.43,0.22,0.19,0.07,0.17,0.12,0.16,0.28,0.14,0.32,0.23,0.09,0.53,0.25,0.50,0.34,0.64,0.47,0.59,0.82,0.44,0.24,0.00
0.09,0.17,0.10,0.04,0.41,0.41,0.20,0.14,0.43,0.84,0.15,0.11,0.11,0.03,0.53,0.69,0.14,0.33,0.25,0.73,0.06,0.10,0.06,0.02,0.33,0.21,0.11,0.16,0.14,0.35,1.00
0.78,0.49,0.77,0.68,0.49,0.33,0.54,0.70,0.37,0.11,0.33,0.12,0.27,0.29,0.16,0.13,0.09,0.25,0.10,0.08,0.81,0.50,0.76,0.67,0.53,0.23,0.38,0.72,0.20,0.15,0.00
0.12,0.61,0.11,0.05,0.26,0.09,0.00,0.00,0.34,0.22,0.15,0.57,0.13,0.04,0.34,0.07,0.00,0.00,0.31,0.08,0.09,0.59,0.08,0.04,0.24,0.04,0.00,0.00,0.18,0.10,1.00
0.23,0.35,0.22,0.12,0.51,0.29,0.16,0.19,0.47,0.31,0.14,0.29,0.15,0.06,0.26,0.16,0.11,0.22,0.37,0.14,0.19,0.38,0.19,0.09,0.43,0.16,0.16,0.27,0.32,0.16,1.00
0.30,0.37,0.31,0.18,0.52,0.39,0.34,0.41,0.53,0.49,0.10,0.13,0.11,0.05,0.13,0.15,0.09,0.25,0.13,0.11,0.30,0.47,0.31,0.16,0.57,0.35,0.41,0.70,0.40,0.37,0.00
0.67,0.37,0.65,0.53,0.40,0.30,0.37,0.57,0.25,0.14,0.20,0.22,0.18,0.14,0.13,0.14,0.08,0.28,0.03,0.05,0.63,0.53,0.59,0.45,0.43,0.27,0.35,0.78,0.14,0.13,0.00
0.32,0.21,0.32,0.19,0.43,0.33,0.18,0.25,0.30,0.33,0.06,0.06,0.06,0.03,0.10,0.14,0.04,0.17,0.06,0.08,0.31,0.24,0.30,0.15,0.46,0.32,0.22,0.48,0.20,0.31,0.00
0.49,0.42,0.49,0.34,0.34,0.33,0.23,0.37,0.53,0.10,0.26,0.28,0.25,0.16,0.17,0.43,0.12,0.41,0.28,0.17,0.44,0.41,0.44,0.27,0.28,0.25,0.18,0.53,0.30,0.13,0.00
0.04,0.53,0.03,0.01,0.26,0.09,0.00,0.00,0.41,0.48,0.10,0.24,0.08,0.02,0.37,0.06,0.00,0.00,0.29,0.21,0.04,0.50,0.03,0.02,0.36,0.05,0.00,0.00,0.29,0.29,1.00
0.22,0.25,0.21,0.12,0.21,0.05,0.02,0.06,0.31,0.15,0.09,0.07,0.07,0.04,0.17,0.04,0.02,0.12,0.20,0.06,0.19,0.21,0.17,0.09,0.19,0.04,0.02,0.15,0.23,0.09,1.00
0.53,0.31,0.52,0.37,0.40,0.28,0.26,0.40,0.38,0.14,0.11,0.04,0.08,0.08,0.11,0.11,0.06,0.22,0.07,0.05,0.49,0.35,0.45,0.32,0.48,0.24,0.31,0.61,0.25,0.18,0.00
0.38,0.34,0.36,0.23,0.29,0.10,0.05,0.10,0.23,0.06,0.03,0.16,0.02,0.02,0.07,0.04,0.02,0.12,0.16,0.02,0.29,0.37,0.26,0.15,0.22,0.07,0.06,0.20,0.21,0.04,1.00
0.06,0.37,0.07,0.03,0.37,0.34,0.31,0.11,0.59,0.69,0.03,0.35,0.02,0.01,0.36,0.39,0.20,0.19,0.21,0.38,0.04,0.47,0.04,0.02,0.61,0.39,0.43,0.27,0.35,0.61,1.00
0.32,0.32,0.32,0.18,0.34,0.29,0.23,0.24,0.40,0.25,0.04,0.12,0.05,0.02,0.08,0.19,0.09,0.24,0.11,0.11,0.26,0.36,0.25,0.13,0.29,0.28,0.29,0.48,0.23,0.22,1.00
0.23,0.29,0.23,0.12,0.37,0.29,0.16,0.16,0.46,0.28,0.07,0.27,0.06,0.03,0.24,0.30,0.15,0.34,0.28,0.13,0.19,0.40,0.18,0.09,0.46,0.27,0.22,0.39,0.36,0.19,1.00
0.56,0.35,0.53,0.41,0.33,0.12,0.19,0.29,0.25,0.00,0.08,0.10,0.08,0.06,0.20,0.07,0.07,0.28,0.16,0.03,0.43,0.33,0.39,0.26,0.35,0.09,0.18,0.44,0.20,0.02,0.00
0.28,0.22,0.27,0.16,0.24,0.11,0.09,0.12,0.39,0.14,0.03,0.12,0.03,0.02,0.12,0.10,0.06,0.16,0.15,0.04,0.21,0.27,0.20,0.10,0.25,0.12,0.14,0.28,0.29,0.09,1.00
0.66,0.47,0.66,0.52,0.43,0.43,0.64,0.65,0.58,0.19,0.32,0.10,0.26,0.24,0.12,0.28,0.24,0.35,0.23,0.14,0.63,0.40,0.57,0.45,0.33,0.28,0.56,0.72,0.31,0.15,0.00
0.11,0.14,0.11,0.05,0.76,0.32,0.08,0.12,0.57,0.57,0.09,0.17,0.08,0.02,0.47,0.17,0.06,0.30,0.45,0.10,0.09,0.16,0.09,0.03,0.75,0.18,0.08,0.25,0.42,0.23,1.00
0.24,0.20,0.23,0.13,0.40,0.16,0.10,0.09,0.51,0.20,0.04,0.20,0.03,0.02,0.14,0.12,0.05,0.13,0.17,0.06,0.20,0.34,0.19,0.09,0.44,0.17,0.18,0.26,0.36,0.16,1.00
0.18,0.40,0.17,0.09,0.20,0.07,0.00,0.00,0.30,0.20,0.07,0.21,0.06,0.03,0.27,0.07,0.00,0.00,0.31,0.05,0.13,0.34,0.12,0.06,0.19,0.04,0.00,0.00,0.18,0.07,1.00
0.64,0.41,0.62,0.49,0.35,0.29,0.23,0.39,0.28,0.12,0.17,0.12,0.16,0.12,0.15,0.13,0.06,0.28,0.09,0.03,0.58,0.38,0.55,0.39,0.41,0.20,0.22,0.61,0.21,0.08,0.00
0.54,0.30,0.52,0.38,0.30,0.20,0.19,0.29,0.28,0.09,0.05,0.03,0.05,0.04,0.04,0.05,0.04,0.13,0.04,0.01,0.48,0.38,0.44,0.30,0.34,0.21,0.28,0.54,0.32,0.09,0.00
0.15,0.26,0.15,0.08,0.25,0.12,0.14,0.05,0.46,0.28,0.09,0.35,0.09,0.03,0.10,0.22,0.15,0.20,0.25,0.13,0.13,0.33,0.12,0.05,0.16,0.11,0.15,0.12,0.26,0.15,1.00
0.40,0.33,0.40,0.26,0.51,0.32,0.34,0.40,0.44,0.17,0.13,0.09,0.11,0.08,0.15,0.09,0.07,0.21,0.09,0.05,0.40,0.37,0.37,0.24,0.55,0.21,0.30,0.52,0.25,0.16,0.00
0.42,0.45,0.43,0.27,0.57,0.48,0.50,0.47,0.52,0.49,0.16,0.16,0.13,0.10,0.24,0.28,0.15,0.26,0.10,0.18,0.44,0.49,0.40,0.27,0.76,0.45,0.59,0.70,0.34,0.46,0.00
0.37,0.17,0.35,0.23,0.29,0.09,0.08,0.13,0.30,0.07,0.04,0.06,0.04,0.03,0.17,0.07,0.04,0.20,0.11,0.03,0.27,0.15,0.26,0.14,0.28,0.07,0.09,0.27,0.15,0.04,1.00
0.62,0.63,0.60,0.47,0.41,0.26,0.34,0.49,0.35,0.11,0.24,0.46,0.21,0.17,0.14,0.17,0.10,0.32,0.16,0.06,0.56,0.70,0.52,0.38,0.30,0.16,0.26,0.56,0.20,0.07,0.00
0.03,0.53,0.03,0.01,0.31,0.31,0.22,0.07,0.49,0.58,0.04,0.25,0.03,0.01,0.47,0.47,0.23,0.26,0.19,0.23,0.03,0.53,0.02,0.01,0.58,0.27,0.27,0.17,0.24,0.34,1.00
0.20,0.11,0.19,0.10,0.41,0.10,0.05,0.09,0.39,0.23,0.04,0.09,0.03,0.02,0.25,0.05,0.03,0.16,0.23,0.03,0.14,0.11,0.13,0.06,0.42,0.06,0.06,0.19,0.26,0.08,1.00
0.28,0.15,0.28,0.16,0.32,0.35,0.32,0.20,0.27,0.30,0.03,0.02,0.08,0.02,0.13,0.40,0.21,0.26,0.07,0.23,0.23,0.15,0.27,0.11,0.36,0.54,0.62,0.54,0.21,0.41,1.00
0.54,0.30,0.53,0.40,0.42,0.26,0.31,0.44,0.54,0.22,0.21,0.25,0.19,0.14,0.16,0.11,0.07,0.27,0.22,0.10,0.53,0.42,0.51,0.35,0.45,0.18,0.25,0.56,0.42,0.20,0.00
0.19,0.18,0.19,0.10,0.25,0.16,0.08,0.10,0.48,0.26,0.02,0.15,0.02,0.01,0.12,0.13,0.04,0.13,0.15,0.04,0.15,0.23,0.15,0.06,0.25,0.17,0.12,0.23,0.32,0.12,1.00
0.77,0.57,0.80,0.65,0.55,0.58,0.83,0.81,0.58,0.26,0.16,0.27,0.18,0.14,0.26,0.37,0.23,0.47,0.20,0.15,0.61,0.55,0.63,0.44,0.54,0.38,0.63,0.94,0.32,0.21,0.00
0.46,0.35,0.44,0.30,0.20,0.16,0.09,0.11,0.40,0.07,0.05,0.05,0.05,0.03,0.03,0.09,0.04,0.10,0.17,0.03,0.40,0.39,0.38,0.22,0.20,0.26,0.20,0.30,0.61,0.14,0.00
0.25,0.28,0.24,0.13,0.36,0.16,0.10,0.10,0.32,0.19,0.05,0.09,0.05,0.02,0.14,0.09,0.05,0.13,0.16,0.04,0.23,0.32,0.22,0.11,0.43,0.18,0.19,0.30,0.33,0.13,1.00
0.53,0.30,0.53,0.38,0.56,0.40,0.42,0.53,0.52,0.28,0.26,0.27,0.19,0.17,0.07,0.21,0.07,0.17,0.27,0.15,0.45,0.32,0.42,0.28,0.38,0.20,0.21,0.46,0.29,0.16,0.00
0.33,0.24,0.33,0.18,0.45,0.41,0.23,0.28,0.53,0.40,0.05,0.18,0.06,0.03,0.14,0.24,0.10,0.27,0.16,0.13,0.28,0.40,0.27,0.14,0.49,0.40,0.37,0.57,0.41,0.33,0.00
0.70,0.38,0.72,0.57,0.37,0.54,0.51,0.54,0.33,0.25,0.38,0.22,0.38,0.28,0.14,0.36,0.16,0.30,0.16,0.13,0.72,0.43,0.72,0.54,0.37,0.43,0.46,0.63,0.25,0.22,0.00
0.23,0.31,0.22,0.12,0.33,0.15,0.06,0.07,0.24,0.22,0.04,0.11,0.03,0.02,0.13,0.11,0.05,0.13,0.12,0.07,0.19,0.35,0.17,0.09,0.38,0.16,0.12,0.24,0.19,0.16,1.00
0.23,0.15,0.21,0.12,0.23,0.07,0.05,0.14,0.53,0.24,0.16,0.20,0.14,0.06,0.21,0.09,0.04,0.35,0.30,0.04,0.19,0.17,0.17,0.09,0.21,0.06,0.05,0.28,0.30,0.08,1.00
0.19,0.18,0.19,0.10,0.46,0.22,0.13,0.17,0.36,0.40,0.02,0.10,0.03,0.01,0.19,0.12,0.07,0.19,0.22,0.07,0.14,0.21,0.15,0.06,0.47,0.19,0.18,0.37,0.34,0.23,1.00
0.42,0.32,0.44,0.26,0.65,0.67,0.68,0.62,0.66,0.55,0.15,0.21,0.13,0.08,0.26,0.48,0.25,0.43,0.67,0.22,0.34,0.32,0.34,0.18,0.55,0.46,0.55,0.73,0.53,0.33,0.00
0.45,0.29,0.43,0.29,0.40,0.20,0.14,0.24,0.22,0.13,0.08,0.24,0.07,0.05,0.19,0.12,0.05,0.20,0.13,0.04,0.36,0.36,0.33,0.20,0.41,0.14,0.13,0.31,0.16,0.06,1.00
0.37,0.24,0.35,0.22,0.33,0.16,0.08,0.14,0.26,0.15,0.07,0.07,0.04,0.03,0.14,0.11,0.04,0.16,0.11,0.04,0.30,0.23,0.26,0.15,0.33,0.12,0.10,0.27,0.19,0.09,1.00
0.55,0.52,0.56,0.40,0.49,0.52,0.54,0.62,0.57,0.25,0.26,0.24,0.23,0.18,0.15,0.24,0.13,0.22,0.17,0.13,0.54,0.59,0.55,0.36,0.51,0.39,0.49,0.64,0.37,0.28,0.00
0.31,0.46,0.30,0.18,0.36,0.15,0.07,0.12,0.31,0.17,0.08,0.22,0.06,0.05,0.14,0.14,0.05,0.17,0.18,0.06,0.26,0.45,0.23,0.13,0.33,0.12,0.08,0.25,0.21,0.10,1.00
0.21,0.48,0.21,0.11,0.36,0.25,0.26,0.20,0.17,0.33,0.05,0.56,0.06,0.02,0.22,0.21,0.14,0.24,0.10,0.13,0.16,0.67,0.16,0.07,0.39,0.22,0.29,0.33,0.11,0.21,1.00
0.27,0.37,0.27,0.14,0.42,0.31,0.25,0.30,0.34,0.44,0.08,0.32,0.09,0.03,0.38,0.29,0.13,0.43,0.19,0.17,0.19,0.36,0.19,0.08,0.38,0.19,0.18,0.38,0.13,0.20,1.00
0.43,0.17,0.42,0.28,0.38,0.20,0.13,0.23,0.34,0.19,0.05,0.06,0.05,0.03,0.08,0.08,0.05,0.17,0.10,0.03,0.35,0.20,0.33,0.19,0.33,0.14,0.18,0.39,0.24,0.10,1.00
0.15,0.26,0.15,0.07,0.48,0.20,0.04,0.10,0.43,0.40,0.05,0.19,0.04,0.02,0.21,0.09,0.02,0.14,0.26,0.10,0.12,0.29,0.11,0.05,0.46,0.11,0.05,0.19,0.29,0.22,1.00
0.31,0.40,0.29,0.18,0.26,0.13,0.07,0.10,0.37,0.12,0.05,0.10,0.04,0.03,0.05,0.07,0.04,0.13,0.08,0.01,0.28,0.49,0.26,0.15,0.25,0.17,0.17,0.38,0.28,0.11,0.00
0.25,0.42,0.25,0.14,0.44,0.25,0.13,0.14,0.25,0.37,0.07,0.29,0.06,0.03,0.33,0.22,0.08,0.22,0.15,0.15,0.20,0.44,0.18,0.09,0.49,0.20,0.13,0.28,0.14,0.23,1.00
0.23,0.30,0.24,0.13,0.53,0.41,0.29,0.26,0.63,0.59,0.13,0.15,0.13,0.06,0.13,0.24,0.11,0.20,0.21,0.16,0.32,0.43,0.34,0.17,0.61,0.53,0.56,0.53,0.63,0.56,0.00
0.43,0.22,0.43,0.27,0.42,0.38,0.16,0.27,0.47,0.33,0.02,0.03,0.03,0.02,0.10,0.12,0.05,0.23,0.16,0.10,0.32,0.19,0.31,0.17,0.35,0.22,0.17,0.43,0.31,0.23,1.00
0.43,0.20,0.43,0.28,0.38,0.36,0.28,0.35,0.36,0.21,0.08,0.09,0.09,0.05,0.14,0.23,0.09,0.28,0.10,0.08,0.39,0.27,0.37,0.22,0.48,0.41,0.40,0.68,0.29,0.24,0.00
0.25,0.28,0.24,0.13,0.35,0.18,0.07,0.08,0.20,0.27,0.04,0.18,0.04,0.02,0.11,0.11,0.04,0.10,0.09,0.03,0.19,0.42,0.19,0.09,0.33,0.19,0.13,0.20,0.17,0.15,1.00
0.19,0.27,0.19,0.09,0.40,0.24,0.12,0.14,0.28,0.30,0.01,0.27,0.02,0.01,0.26,0.24,0.11,0.25,0.08,0.09,0.13,0.39,0.13,0.05,0.47,0.22,0.17,0.34,0.14,0.18,1.00
0.21,0.36,0.23,0.10,0.81,0.81,0.57,0.52,0.78,1.00,0.14,0.18,0.13,0.04,0.25,0.54,0.14,0.35,0.73,0.29,0.25,0.39,0.24,0.09,0.92,0.81,0.55,0.88,1.00,0.77,0.00
0.38,0.54,0.37,0.24,0.45,0.24,0.29,0.33,0.30,0.31,0.20,0.25,0.16,0.11,0.30,0.17,0.12,0.33,0.19,0.14,0.38,0.57,0.35,0.21,0.63,0.20,0.32,0.52,0.21,0.26,0.00
0.33,0.12,0.32,0.19,0.65,0.24,0.24,0.33,0.46,0.31,0.16,0.50,0.16,0.07,0.28,0.23,0.12,0.54,0.13,0.16,0.24,0.09,0.22,0.12,0.45,0.11,0.12,0.35,0.12,0.11,1.00
0.38,0.34,0.39,0.24,0.46,0.42,0.40,0.44,0.40,0.27,0.13,0.13,0.14,0.08,0.26,0.26,0.12,0.35,0.10,0.09,0.37,0.33,0.36,0.21,0.55,0.38,0.42,0.73,0.25,0.18,0.00
0.38,0.52,0.36,0.24,0.37,0.10,0.06,0.14,0.26,0.11,0.40,0.40,0.34,0.19,0.18,0.07,0.05,0.36,0.00,0.03,0.25,0.35,0.22,0.13,0.15,0.02,0.02,0.10,0.00,0.00,0.00
0.27,0.12,0.27,0.15,0.32,0.18,0.09,0.13,0.27,0.24,0.08,0.07,0.07,0.03,0.16,0.19,0.08,0.20,0.13,0.12,0.22,0.12,0.21,0.11,0.32,0.19,0.14,0.29,0.20,0.18,1.00
0.22,0.29,0.21,0.11,0.29,0.12,0.08,0.09,0.23,0.18,0.03,0.09,0.03,0.01,0.17,0.11,0.05,0.14,0.19,0.06,0.17,0.32,0.16,0.08,0.42,0.15,0.15,0.28,0.32,0.15,1.00
0.35,0.34,0.35,0.21,0.41,0.29,0.22,0.29,0.41,0.29,0.06,0.33,0.08,0.04,0.21,0.20,0.08,0.27,0.09,0.12,0.30,0.50,0.29,0.16,0.48,0.27,0.26,0.54,0.23,0.25,0.00
0.25,0.23,0.24,0.14,0.35,0.15,0.08,0.11,0.33,0.19,0.05,0.15,0.05,0.02,0.11,0.12,0.05,0.15,0.08,0.05,0.22,0.30,0.20,0.10,0.31,0.15,0.14,0.30,0.21,0.14,1.00
0.16,0.22,0.15,0.08,0.38,0.09,0.02,0.03,0.42,0.25,0.04,0.13,0.03,0.01,0.18,0.04,0.03,0.10,0.11,0.06,0.12,0.26,0.10,0.05,0.38,0.06,0.04,0.08,0.22,0.12,1.00
0.18,0.18,0.17,0.09,0.23,0.10,0.05,0.04,0.17,0.15,0.05,0.19,0.05,0.02,0.16,0.12,0.05,0.11,0.12,0.05,0.14,0.23,0.14,0.06,0.24,0.09,0.08,0.12,0.14,0.08,1.00
0.38,0.27,0.37,0.23,0.58,0.34,0.36,0.43,0.45,0.26,0.43,0.24,0.36,0.18,0.28,0.24,0.17,0.53,0.62,0.07,0.38,0.25,0.35,0.19,0.46,0.18,0.27,0.57,0.36,0.11,0.00
0.61,0.52,0.60,0.44,0.44,0.43,0.60,0.57,0.58,0.24,0.14,0.19,0.09,0.11,0.11,0.22,0.12,0.20,0.11,0.08,0.52,0.57,0.49,0.35,0.37,0.35,0.45,0.60,0.34,0.19,0.00
0.40,0.15,0.41,0.24,0.49,0.60,0.49,0.48,0.74,0.43,0.12,0.08,0.12,0.07,0.17,0.38,0.16,0.43,0.41,0.12,0.36,0.19,0.37,0.20,0.45,0.55,0.50,0.82,0.61,0.29,0.00
0.28,0.15,0.28,0.16,0.38,0.25,0.09,0.10,0.30,0.47,0.03,0.06,0.01,0.01,0.12,0.16,0.08,0.14,0.12,0.17,0.21,0.13,0.18,0.10,0.28,0.17,0.12,0.20,0.17,0.30,1.00
0.57,0.51,0.58,0.41,0.34,0.61,0.49,0.50,0.63,0.28,0.31,0.29,0.38,0.18,0.16,0.74,0.25,0.50,0.64,0.23,0.57,0.56,0.63,0.36,0.35,0.70,0.58,0.86,0.61,0.32,0.00
0.13,0.19,0.14,0.07,0.49,0.43,0.96,0.39,0.75,0.91,0.26,0.51,0.16,0.08,0.31,0.70,1.00,1.00,0.39,1.00,0.11,0.20,0.10,0.05,0.38,0.24,0.66,0.54,0.30,0.46,1.00
0.40,0.48,0.41,0.25,0.59,0.51,0.48,0.42,0.38,0.44,0.08,0.35,0.10,0.05,0.27,0.35,0.15,0.39,0.19,0.18,0.33,0.65,0.34,0.18,0.67,0.46,0.47,0.74,0.29,0.34,0.00
0.26,0.23,0.27,0.14,0.38,0.40,0.36,0.24,0.52,0.49,0.10,0.19,0.20,0.04,0.19,0.54,0.28,0.52,0.34,0.30,0.21,0.24,0.24,0.10,0.31,0.37,0.39,0.46,0.33,0.32,1.00
0.36,0.14,0.38,0.22,0.46,0.50,0.34,0.31,0.52,0.51,0.16,0.25,0.19,0.08,0.28,0.38,0.13,0.30,0.26,0.16,0.30,0.17,0.32,0.15,0.40,0.33,0.26,0.38,0.25,0.24,1.00
0.26,0.11,0.24,0.14,0.19,0.06,0.02,0.06,0.28,0.21,0.08,0.25,0.06,0.03,0.29,0.06,0.02,0.15,0.29,0.14,0.19,0.12,0.16,0.09,0.15,0.04,0.01,0.09,0.14,0.10,1.00
0.39,0.68,0.37,0.24,0.28,0.08,0.11,0.14,0.40,0.06,0.13,0.28,0.11,0.07,0.17,0.09,0.06,0.17,0.33,0.03,0.33,0.66,0.30,0.18,0.29,0.07,0.12,0.23,0.33,0.04,0.00
0.64,0.42,0.63,0.49,0.35,0.35,0.38,0.48,0.36,0.01,0.27,0.25,0.30,0.20,0.22,0.25,0.14,0.52,0.34,0.05,0.54,0.42,0.54,0.36,0.31,0.26,0.31,0.66,0.26,0.02,0.00
0.29,0.41,0.29,0.16,0.40,0.26,0.19,0.26,0.35,0.25,0.03,0.06,0.03,0.01,0.06,0.09,0.04,0.13,0.05,0.03,0.30,0.48,0.27,0.14,0.52,0.35,0.30,0.55,0.42,0.27,0.00
0.32,0.21,0.31,0.19,0.32,0.15,0.02,0.05,0.17,0.18,0.09,0.03,0.07,0.04,0.16,0.07,0.02,0.11,0.06,0.06,0.26,0.15,0.24,0.13,0.24,0.08,0.03,0.11,0.06,0.09,1.00
0.48,0.23,0.50,0.33,0.60,0.64,0.52,0.70,1.00,0.51,0.34,0.14,0.31,0.20,0.21,0.27,0.09,0.45,0.21,0.23,0.51,0.25,0.51,0.31,0.55,0.36,0.31,0.88,0.49,0.33,0.00
0.71,0.41,0.71,0.57,0.48,0.54,0.57,0.75,0.39,0.24,0.32,0.08,0.32,0.23,0.08,0.19,0.09,0.28,0.10,0.10,0.70,0.37,0.72,0.50,0.38,0.35,0.38,0.84,0.23,0.20,0.00
0.38,0.24,0.36,0.23,0.41,0.18,0.06,0.19,0.36,0.14,0.06,0.19,0.05,0.03,0.11,0.09,0.02,0.17,0.08,0.03,0.29,0.29,0.27,0.15,0.33,0.13,0.05,0.29,0.17,0.06,1.00
0.65,0.72,0.64,0.54,0.38,0.29,0.32,0.43,0.36,0.14,0.38,0.28,0.33,0.36,0.10,0.09,0.05,0.18,0.08,0.05,0.87,0.94,0.81,0.80,0.46,0.23,0.27,0.57,0.26,0.18,0.00
0.33,0.37,0.32,0.19,0.39,0.25,0.09,0.12,0.28,0.36,0.06,0.15,0.06,0.03,0.16,0.15,0.07,0.17,0.10,0.09,0.25,0.34,0.24,0.12,0.36,0.17,0.11,0.24,0.13,0.20,1.00
0.25,0.19,0.24,0.13,0.31,0.14,0.05,0.08,0.29,0.24,0.05,0.10,0.06,0.02,0.13,0.09,0.03,0.10,0.08,0.04,0.21,0.25,0.20,0.10,0.36,0.16,0.09,0.19,0.22,0.16,1.00
0.46,0.40,0.46,0.31,0.39,0.35,0.32,0.30,0.42,0.14,0.13,0.12,0.11,0.07,0.14,0.17,0.09,0.23,0.28,0.06,0.43,0.45,0.41,0.26,0.56,0.35,0.43,0.62,0.65,0.21,0.00
0.21,0.18,0.21,0.11,0.34,0.19,0.14,0.12,0.05,0.26,0.08,0.17,0.05,0.03,0.19,0.26,0.15,0.32,0.19,0.13,0.16,0.15,0.14,0.07,0.27,0.13,0.13,0.22,0.05,0.13,1.00
0.35,0.52,0.36,0.22,0.32,0.32,0.24,0.19,0.41,0.28,0.05,0.16,0.09,0.03,0.18,0.33,0.10,0.22,0.18,0.18,0.29,0.53,0.31,0.15,0.41,0.38,0.32,0.41,0.32,0.31,1.00
0.63,0.16,0.63,0.49,0.43,0.35,0.46,0.52,0.38,0.19,0.23,0.09,0.22,0.16,0.33,0.17,0.14,0.36,0.14,0.15,0.52,0.12,0.51,0.34,0.44,0.17,0.32,0.56,0.16,0.14,0.00
0.26,0.32,0.26,0.15,0.32,0.26,0.24,0.22,0.24,0.25,0.09,0.25,0.12,0.04,0.28,0.30,0.16,0.37,0.26,0.11,0.19,0.28,0.19,0.09,0.25,0.17,0.19,0.32,0.11,0.11,1.00
0.08,0.30,0.07,0.03,0.49,0.12,0.00,0.00,0.56,0.50,0.08,0.53,0.07,0.02,0.65,0.09,0.00,0.00,0.75,0.20,0.04,0.28,0.03,0.01,0.42,0.05,0.00,0.00,0.31,0.17,1.00
0.27,0.48,0.27,0.15,0.54,0.33,0.26,0.34,0.43,0.34,0.11,0.18,0.10,0.06,0.21,0.18,0.08,0.24,0.12,0.09,0.33,0.57,0.31,0.17,0.75,0.37,0.32,0.59,0.36,0.32,0.00
0.36,0.40,0.37,0.21,0.48,0.51,0.33,0.44,0.60,0.41,0.05,0.14,0.06,0.03,0.09,0.21,0.07,0.26,0.09,0.10,0.34,0.56,0.36,0.17,0.54,0.62,0.44,0.93,0.53,0.48,0.00
0.24,0.10,0.23,0.13,0.37,0.10,0.05,0.10,0.27,0.19,0.03,0.08,0.02,0.01,0.13,0.06,0.02,0.12,0.10,0.06,0.19,0.17,0.17,0.09,0.37,0.09,0.07,0.24,0.19,0.16,1.00
0.28,0.28,0.27,0.15,0.42,0.23,0.09,0.12,0.33,0.21,0.06,0.16,0.05,0.03,0.12,0.11,0.05,0.15,0.14,0.07,0.22,0.34,0.21,0.11,0.38,0.18,0.14,0.27,0.24,0.16,1.00
0.18,0.00,0.17,0.09,0.39,0.12,0.06,0.08,0.16,0.30,0.02,0.01,0.02,0.01,0.21,0.06,0.03,0.10,0.07,0.04,0.13,0.00,0.12,0.06,0.48,0.10,0.08,0.16,0.10,0.14,1.00
0.41,0.46,0.46,0.27,0.53,0.90,0.74,0.68,0.72,0.65,0.43,0.46,0.44,0.25,0.36,0.43,0.21,0.57,0.22,0.18,0.42,0.52,0.46,0.26,0.52,0.48,0.49,0.85,0.34,0.31,0.00
0.13,0.33,0.12,0.06,0.29,0.09,0.05,0.05,0.26,0.26,0.07,0.22,0.06,0.02,0.19,0.07,0.06,0.18,0.20,0.11,0.11,0.36,0.09,0.04,0.32,0.07,0.07,0.13,0.19,0.16,1.00
0.20,0.29,0.21,0.10,0.39,0.35,0.36,0.14,0.50,0.56,0.05,0.28,0.08,0.02,0.17,0.43,0.22,0.25,0.17,0.27,0.17,0.42,0.18,0.07,0.42,0.44,0.59,0.42,0.34,0.49,1.00
0.25,0.27,0.23,0.13,0.47,0.16,0.06,0.15,0.42,0.35,0.09,0.25,0.08,0.03,0.13,0.07,0.03,0.29,0.20,0.09,0.17,0.24,0.16,0.08,0.28,0.06,0.04,0.20,0.13,0.12,1.00
0.62,0.48,0.69,0.47,0.69,1.00,0.88,0.80,0.93,0.66,0.30,0.34,0.37,0.20,0.29,0.50,0.28,0.49,1.00,0.18,0.55,0.53,0.60,0.35,0.61,0.57,0.61,0.86,0.76,0.29,0.00
0.15,0.26,0.14,0.07,0.43,0.17,0.06,0.09,0.42,0.28,0.05,0.37,0.05,0.02,0.21,0.09,0.04,0.15,0.18,0.07,0.11,0.39,0.11,0.05,0.46,0.11,0.08,0.22,0.26,0.14,1.00
0.34,0.41,0.34,0.21,0.41,0.28,0.31,0.28,0.42,0.24,0.06,0.15,0.09,0.03,0.14,0.21,0.12,0.22,0.17,0.11,0.28,0.49,0.33,0.15,0.48,0.38,0.41,0.50,0.40,0.30,0.00
0.35,0.36,0.35,0.21,0.42,0.31,0.28,0.30,0.45,0.31,0.04,0.06,0.03,0.02,0.08,0.10,0.05,0.14,0.10,0.04,0.37,0.48,0.34,0.21,0.55,0.37,0.40,0.63,0.63,0.30,0.00
0.63,0.58,0.62,0.46,0.42,0.45,0.38,0.63,0.41,0.22,0.31,0.34,0.30,0.18,0.23,0.33,0.15,0.48,0.41,0.12,0.58,0.58,0.55,0.37,0.37,0.30,0.30,0.74,0.34,0.14,0.00
0.24,0.28,0.22,0.13,0.22,0.06,0.00,0.03,0.16,0.23,0.04,0.12,0.03,0.02,0.10,0.03,0.00,0.07,0.10,0.03,0.18,0.27,0.16,0.08,0.20,0.05,0.01,0.10,0.12,0.10,1.00
0.30,0.35,0.30,0.17,0.27,0.32,0.24,0.14,0.27,0.30,0.06,0.10,0.12,0.03,0.11,0.48,0.19,0.26,0.10,0.25,0.27,0.36,0.32,0.13,0.32,0.52,0.52,0.47,0.25,0.46,1.00
0.52,0.22,0.53,0.37,0.49,0.60,0.39,0.54,0.55,0.35,0.31,0.04,0.26,0.24,0.21,0.42,0.12,0.39,0.25,0.21,0.51,0.18,0.50,0.35,0.51,0.52,0.30,0.72,0.43,0.37,0.00
0.13,0.20,0.12,0.06,0.34,0.08,0.03,0.07,0.52,0.28,0.06,0.23,0.05,0.02,0.41,0.06,0.02,0.18,0.14,0.12,0.10,0.24,0.09,0.04,0.50,0.06,0.03,0.18,0.25,0.18,1.00
0.52,0.35,0.49,0.36,0.28,0.15,0.17,0.28,0.54,0.01,0.16,0.19,0.12,0.09,0.08,0.05,0.06,0.19,0.59,0.03,0.45,0.42,0.39,0.26,0.24,0.09,0.18,0.41,0.65,0.04,0.00
0.13,0.12,0.14,0.05,0.66,0.62,0.28,0.35,0.50,0.96,0.06,0.23,0.05,0.02,0.68,0.35,0.13,0.27,0.26,0.37,0.09,0.16,0.09,0.04,0.85,0.33,0.23,0.37,0.25,0.53,1.00
0.33,0.25,0.31,0.19,0.32,0.13,0.03,0.06,0.28,0.19,0.04,0.11,0.03,0.02,0.10,0.05,0.02,0.09,0.06,0.03,0.27,0.31,0.25,0.13,0.29,0.10,0.06,0.18,0.16,0.11,1.00
0.34,0.37,0.34,0.20,0.33,0.28,0.12,0.15,0.23,0.21,0.09,0.15,0.09,0.05,0.08,0.23,0.07,0.26,0.12,0.06,0.30,0.41,0.31,0.16,0.29,0.31,0.20,0.46,0.19,0.15,1.00
0.28,0.12,0.26,0.16,0.15,0.05,0.05,0.06,0.14,0.12,0.02,0.02,0.02,0.01,0.10,0.08,0.04,0.11,0.12,0.04,0.20,0.09,0.18,0.10,0.17,0.08,0.09,0.18,0.15,0.09,1.00
0.23,0.27,0.22,0.12,0.49,0.24,0.12,0.22,0.27,0.35,0.12,0.34,0.11,0.04,0.17,0.12,0.04,0.25,0.15,0.05,0.20,0.43,0.19,0.09,0.42,0.15,0.11,0.35,0.18,0.15,1.00
0.46,0.62,0.45,0.30,0.29,0.25,0.22,0.26,0.27,0.14,0.12,0.16,0.13,0.08,0.14,0.26,0.12,0.29,0.07,0.10,0.39,0.59,0.38,0.23,0.28,0.27,0.27,0.49,0.13,0.15,0.00
0.00,0.13,0.00,0.00,0.58,0.17,0.00,0.00,0.44,0.59,0.04,0.25,0.04,0.01,0.29,0.06,0.00,0.00,0.26,0.11,0.00,0.20,0.00,0.00,0.58,0.09,0.00,0.00,0.27,0.25,1.00
0.40,0.38,0.41,0.28,0.54,0.42,0.36,0.42,0.52,0.39,0.46,0.19,0.41,0.32,0.22,0.28,0.11,0.41,0.17,0.17,0.54,0.42,0.53,0.38,0.53,0.36,0.34,0.73,0.28,0.33,0.00
0.64,0.38,0.65,0.49,0.47,0.47,0.49,0.66,0.54,0.26,0.21,0.14,0.19,0.15,0.10,0.18,0.10,0.27,0.16,0.06,0.58,0.36,0.55,0.40,0.37,0.28,0.35,0.74,0.30,0.14,0.00
0.25,0.09,0.24,0.14,0.34,0.13,0.07,0.13,0.32,0.17,0.00,0.03,0.00,0.00,0.07,0.05,0.02,0.11,0.05,0.02,0.20,0.19,0.18,0.09,0.38,0.17,0.14,0.37,0.30,0.14,1.00
0.27,0.23,0.26,0.15,0.41,0.10,0.09,0.14,0.27,0.14,0.05,0.11,0.03,0.02,0.21,0.03,0.04,0.16,0.21,0.03,0.20,0.21,0.18,0.09,0.39,0.04,0.08,0.20,0.16,0.06,1.00
0.55,0.36,0.54,0.40,0.38,0.27,0.35,0.38,0.32,0.15,0.27,0.33,0.23,0.16,0.31,0.19,0.13,0.36,0.21,0.11,0.48,0.41,0.45,0.30,0.41,0.18,0.28,0.51,0.15,0.13,0.00
0.26,0.24,0.24,0.14,0.29,0.06,0.01,0.03,0.08,0.14,0.02,0.08,0.01,0.01,0.11,0.01,0.01,0.06,0.09,0.02,0.19,0.20,0.17,0.09,0.26,0.02,0.02,0.10,0.07,0.04,1.00
0.25,0.15,0.24,0.14,0.26,0.18,0.16,0.13,0.30,0.24,0.06,0.10,0.06,0.02,0.09,0.21,0.11,0.21,0.16,0.13,0.18,0.19,0.19,0.08,0.21,0.21,0.25,0.31,0.22,0.22,1.00
0.29,0.30,0.29,0.16,0.50,0.34,0.23,0.28,0.49,0.32,0.07,0.25,0.09,0.03,0.21,0.28,0.13,0.36,0.29,0.17,0.22,0.34,0.22,0.10,0.42,0.23,0.21,0.43,0.31,0.18,1.00
0.38,0.32,0.37,0.24,0.36,0.20,0.18,0.22,0.25,0.19,0.10,0.19,0.09,0.06,0.11,0.11,0.07,0.18,0.05,0.03,0.34,0.43,0.32,0.19,0.35,0.18,0.23,0.38,0.14,0.10,0.00
0.26,0.27,0.26,0.14,0.48,0.34,0.18,0.14,0.38,0.44,0.02,0.24,0.07,0.02,0.28,0.23,0.12,0.22,0.20,0.18,0.18,0.29,0.20,0.08,0.49,0.23,0.19,0.25,0.20,0.25,1.00
0.13,0.25,0.13,0.06,0.46,0.20,0.10,0.09,0.26,0.44,0.11,0.24,0.09,0.03,0.41,0.20,0.07,0.19,0.35,0.13,0.11,0.25,0.11,0.04,0.50,0.14,0.10,0.18,0.19,0.19,1.00
0.50,0.51,0.50,0.36,0.47,0.43,0.51,0.52,0.24,0.29,0.35,0.23,0.31,0.22,0.15,0.26,0.12,0.30,0.05,0.15,0.54,0.54,0.52,0.36,0.44,0.35,0.39,0.59,0.12,0.25,0.00
0.25,0.28,0.24,0.13,0.31,0.15,0.09,0.12,0.46,0.26,0.04,0.14,0.03,0.02,0.13,0.10,0.05,0.15,0.14,0.05,0.20,0.35,0.18,0.09,0.33,0.15,0.16,0.28,0.31,0.17,1.00
0.25,0.30,0.24,0.14,0.29,0.15,0.06,0.10,0.27,0.23,0.00,0.12,0.00,0.00,0.06,0.06,0.03,0.11,0.07,0.02,0.19,0.41,0.18,0.09,0.31,0.16,0.15,0.29,0.28,0.11,1.00
0.21,0.27,0.20,0.11,0.32,0.10,0.07,0.10,0.27,0.19,0.03,0.26,0.03,0.01,0.13,0.06,0.03,0.11,0.08,0.03,0.18,0.65,0.17,0.08,0.49,0.13,0.14,0.30,0.28,0.15,1.00
0.19,0.39,0.19,0.10,0.63,0.31,0.24,0.28,0.42,0.39,0.05,0.24,0.05,0.02,0.22,0.12,0.07,0.20,0.08,0.07,0.17,0.62,0.18,0.08,0.79,0.24,0.32,0.49,0.28,0.27,0.00
0.34,0.43,0.35,0.21,0.46,0.29,0.34,0.31,0.44,0.21,0.03,0.33,0.05,0.02,0.15,0.18,0.12,0.24,0.09,0.10,0.26,0.59,0.27,0.13,0.44,0.24,0.34,0.47,0.22,0.19,0.00
0.37,0.27,0.36,0.23,0.35,0.21,0.10,0.11,0.42,0.19,0.04,0.06,0.03,0.02,0.10,0.07,0.04,0.13,0.21,0.04,0.30,0.29,0.28,0.16,0.34,0.16,0.16,0.29,0.40,0.12,1.00
0.20,0.40,0.19,0.10,0.44,0.12,0.02,0.05,0.28,0.24,0.06,0.29,0.06,0.02,0.18,0.05,0.02,0.12,0.27,0.04,0.16,0.45,0.14,0.07,0.38,0.08,0.03,0.15,0.28,0.11,1.00
0.59,0.33,0.57,0.43,0.46,0.30,0.32,0.43,0.36,0.14,0.18,0.06,0.14,0.12,0.10,0.12,0.07,0.24,0.08,0.06,0.63,0.33,0.56,0.44,0.52,0.28,0.34,0.69,0.36,0.23,0.00
0.69,0.43,0.68,0.57,0.53,0.30,0.57,0.69,0.34,0.13,0.39,0.20,0.33,0.28,0.29,0.20,0.13,0.46,0.05,0.12,0.62,0.38,0.58,0.45,0.46,0.18,0.33,0.76,0.10,0.11,0.00
0.72,0.34,0.75,0.58,0.72,0.79,1.00,0.91,0.76,0.43,0.40,0.26,0.44,0.30,0.16,0.63,0.26,0.47,0.33,0.14,0.73,0.43,0.78,0.53,0.65,0.65,0.77,1.00,0.49,0.28,0.00
0.45,0.35,0.45,0.29,0.41,0.42,0.42,0.44,0.37,0.28,0.07,0.20,0.08,0.05,0.17,0.29,0.14,0.34,0.13,0.13,0.35,0.44,0.36,0.20,0.46,0.43,0.47,0.70,0.29,0.26,0.00
0.24,0.44,0.24,0.13,0.15,0.27,0.19,0.15,0.07,0.35,0.00,0.24,0.05,0.01,0.11,0.33,0.11,0.32,0.24,0.22,0.17,0.44,0.18,0.07,0.11,0.29,0.23,0.38,0.12,0.25,1.00
0.30,0.21,0.30,0.16,0.50,0.41,0.27,0.35,0.45,0.40,0.06,0.14,0.04,0.01,0.17,0.25,0.10,0.26,0.19,0.13,0.27,0.30,0.23,0.11,0.54,0.44,0.39,0.59,0.39,0.31,1.00
0.44,0.41,0.44,0.29,0.58,0.33,0.42,0.40,0.41,0.32,0.17,0.24,0.10,0.10,0.30,0.27,0.15,0.22,0.46,0.18,0.35,0.35,0.32,0.19,0.47,0.18,0.27,0.36,0.23,0.16,0.00
0.50,0.18,0.49,0.34,0.41,0.30,0.23,0.40,0.34,0.24,0.18,0.10,0.18,0.10,0.13,0.21,0.09,0.26,0.16,0.10,0.43,0.20,0.42,0.26,0.36,0.25,0.20,0.50,0.23,0.16,0.00
0.20,0.34,0.19,0.10,0.29,0.08,0.01,0.03,0.29,0.28,0.01,0.16,0.01,0.00,0.08,0.03,0.01,0.08,0.10,0.05,0.14,0.38,0.13,0.06,0.26,0.05,0.02,0.10,0.20,0.14,1.00
0.32,0.18,0.31,0.19,0.27,0.17,0.10,0.12,0.37,0.19,0.01,0.04,0.02,0.01,0.12,0.21,0.06,0.16,0.14,0.14,0.24,0.20,0.24,0.12,0.37,0.27,0.21,0.36,0.36,0.27,1.00
0.38,0.18,0.36,0.23,0.26,0.20,0.13,0.16,0.32,0.14,0.05,0.02,0.05,0.03,0.05,0.12,0.06,0.16,0.05,0.05,0.33,0.17,0.31,0.18,0.23,0.24,0.25,0.39,0.22,0.18,1.00
0.57,0.39,0.55,0.42,0.34,0.26,0.25,0.40,0.26,0.10,0.25,0.10,0.22,0.17,0.09,0.11,0.06,0.26,0.08,0.03,0.60,0.39,0.58,0.41,0.32,0.20,0.21,0.61,0.19,0.07,0.00
0.21,0.15,0.19,0.11,0.37,0.06,0.00,0.02,0.45,0.17,0.05,0.20,0.04,0.02,0.23,0.05,0.00,0.06,0.22,0.03,0.15,0.19,0.13,0.07,0.36,0.04,0.00,0.04,0.24,0.06,1.00
0.36,0.04,0.35,0.21,0.52,0.28,0.21,0.29,0.40,0.30,0.07,0.11,0.06,0.03,0.07,0.08,0.07,0.23,0.16,0.07,0.28,0.11,0.26,0.14,0.40,0.15,0.20,0.42,0.26,0.16,1.00
0.21,0.30,0.20,0.11,0.37,0.12,0.06,0.10,0.39,0.20,0.10,0.11,0.09,0.04,0.16,0.06,0.03,0.17,0.21,0.02,0.18,0.28,0.16,0.08,0.31,0.08,0.06,0.22,0.23,0.06,1.00
0.44,0.31,0.45,0.28,0.49,0.49,0.46,0.45,0.41,0.36,0.06,0.12,0.08,0.04,0.10,0.24,0.10,0.23,0.08,0.11,0.38,0.35,0.38,0.21,0.43,0.43,0.40,0.60,0.24,0.34,0.00
0.11,0.41,0.11,0.05,0.36,0.11,0.09,0.06,0.32,0.33,0.07,0.34,0.06,0.02,0.31,0.12,0.10,0.24,0.42,0.13,0.07,0.35,0.06,0.03,0.26,0.05,0.06,0.09,0.17,0.12,1.00
0.97,0.56,0.99,1.00,0.50,0.55,0.85,0.84,0.51,0.13,0.88,0.21,0.84,1.00,0.20,0.39,0.20,0.49,0.13,0.13,1.00,0.52,1.00,1.00,0.43,0.39,0.55,0.90,0.21,0.13,0.00
0.33,0.34,0.33,0.19,0.48,0.29,0.26,0.32,0.31,0.33,0.04,0.13,0.04,0.02,0.12,0.12,0.06,0.18,0.06,0.07,0.32,0.50,0.32,0.17,0.60,0.32,0.33,0.63,0.32,0.33,0.00
0.19,0.17,0.18,0.10,0.43,0.12,0.06,0.13,0.26,0.35,0.03,0.32,0.03,0.02,0.45,0.14,0.04,0.30,0.32,0.13,0.12,0.13,0.11,0.05,0.33,0.05,0.03,0.15,0.07,0.12,1.00
0.28,0.22,0.27,0.15,0.42,0.21,0.08,0.12,0.34,0.25,0.01,0.12,0.01,0.01,0.04,0.08,0.04,0.14,0.15,0.04,0.21,0.29,0.20,0.10,0.30,0.16,0.14,0.29,0.34,0.15,1.00
0.04,0.50,0.03,0.02,0.00,0.07,0.00,0.00,0.27,0.19,0.10,0.24,0.08,0.02,0.19,0.02,0.00,0.00,0.27,0.07,0.05,0.49,0.04,0.02,0.12,0.04,0.00,0.00,0.26,0.10,1.00
0.21,0.17,0.21,0.11,0.47,0.19,0.12,0.10,0.36,0.33,0.03,0.18,0.04,0.01,0.11,0.14,0.10,0.15,0.15,0.09,0.16,0.26,0.16,0.07,0.42,0.17,0.21,0.26,0.27,0.24,1.00
0.25,0.41,0.25,0.14,0.32,0.23,0.14,0.19,0.44,0.30,0.07,0.25,0.07,0.03,0.18,0.17,0.07,0.24,0.16,0.12,0.21,0.49,0.20,0.10,0.39,0.21,0.19,0.41,0.28,0.25,1.00
0.28,0.41,0.30,0.16,0.67,0.53,0.44,0.46,0.65,0.50,0.07,0.14,0.08,0.03,0.14,0.25,0.09,0.23,0.19,0.10,0.27,0.50,0.28,0.14,0.65,0.50,0.43,0.71,0.55,0.34,0.00
0.34,0.25,0.32,0.20,0.25,0.10,0.06,0.16,0.29,0.16,0.01,0.29,0.02,0.01,0.12,0.08,0.03,0.17,0.13,0.02,0.25,0.36,0.23,0.12,0.23,0.09,0.07,0.27,0.19,0.07,1.00
0.25,0.21,0.24,0.14,0.25,0.16,0.09,0.08,0.31,0.10,0.05,0.11,0.04,0.02,0.15,0.15,0.05,0.12,0.17,0.03,0.19,0.20,0.18,0.09,0.25,0.13,0.11,0.17,0.18,0.05,1.00
0.21,0.31,0.20,0.11,0.38,0.11,0.07,0.11,0.43,0.19,0.08,0.13,0.07,0.03,0.22,0.05,0.03,0.16,0.34,0.05,0.17,0.28,0.16,0.08,0.35,0.06,0.07,0.22,0.34,0.10,1.00
0.39,0.26,0.41,0.24,0.73,0.64,0.57,0.62,0.68,0.55,0.20,0.15,0.16,0.10,0.29,0.33,0.13,0.40,0.15,0.27,0.35,0.28,0.35,0.18,0.70,0.41,0.35,0.77,0.33,0.42,0.00
0.31,0.10,0.29,0.18,0.19,0.05,0.01,0.02,0.15,0.07,0.04,0.07,0.04,0.03,0.06,0.01,0.01,0.06,0.10,0.02,0.25,0.13,0.22,0.13,0.13,0.03,0.01,0.08,0.14,0.05,1.00
0.36,0.35,0.35,0.23,0.42,0.16,0.17,0.26,0.27,0.20,0.13,0.19,0.11,0.07,0.14,0.07,0.05,0.21,0.09,0.04,0.40,0.50,0.36,0.23,0.50,0.16,0.23,0.55,0.29,0.18,0.00
0.26,0.22,0.26,0.14,0.57,0.27,0.14,0.16,0.45,0.34,0.05,0.16,0.04,0.02,0.27,0.10,0.07,0.22,0.28,0.05,0.20,0.25,0.18,0.09,0.57,0.14,0.15,0.29,0.31,0.13,1.00
1.00,0.30,1.00,1.00,0.56,0.41,0.75,0.79,0.30,0.11,1.00,0.25,1.00,0.97,0.40,0.19,0.16,0.27,0.56,0.12,0.72,0.17,0.69,0.57,0.28,0.12,0.26,0.55,0.02,0.00,0.00
0.10,0.26,0.10,0.05,0.49,0.37,0.73,0.22,0.53,0.64,0.08,0.18,0.05,0.02,0.27,0.63,0.77,0.63,0.48,0.30,0.08,0.28,0.08,0.03,0.51,0.40,1.00,0.60,0.52,0.41,1.00
0.09,0.20,0.10,0.04,0.38,0.32,0.22,0.11,0.12,0.46,0.07,0.14,0.12,0.02,0.57,0.49,0.23,0.44,0.22,0.16,0.05,0.13,0.06,0.02,0.31,0.16,0.12,0.13,0.02,0.15,1.00
0.24,0.18,0.23,0.12,0.57,0.31,0.03,0.09,0.71,0.33,0.09,0.15,0.08,0.04,0.14,0.16,0.02,0.20,0.27,0.08,0.17,0.15,0.16,0.08,0.38,0.16,0.02,0.16,0.31,0.14,1.00
0.23,0.40,0.23,0.13,0.41,0.18,0.08,0.10,0.32,0.25,0.07,0.12,0.06,0.03,0.21,0.17,0.05,0.15,0.07,0.10,0.20,0.38,0.18,0.10,0.52,0.21,0.12,0.25,0.17,0.20,1.00
0.28,0.21,0.27,0.16,0.43,0.18,0.14,0.17,0.34,0.31,0.04,0.09,0.02,0.02,0.24,0.13,0.06,0.21,0.26,0.13,0.21,0.21,0.19,0.10,0.51,0.17,0.18,0.36,0.36,0.27,1.00
0.57,0.56,0.59,0.42,0.62,0.49,0.45,0.73,0.29,0.47,0.15,0.56,0.24,0.11,0.20,0.44,0.05,0.35,0.32,0.33,0.44,0.55,0.45,0.27,0.45,0.25,0.19,0.63,0.15,0.24,0.00
0.40,0.81,0.41,0.26,0.48,0.44,0.41,0.42,0.52,0.35,0.05,0.20,0.05,0.03,0.12,0.18,0.07,0.19,0.03,0.09,0.38,1.00,0.38,0.21,0.77,0.51,0.46,0.69,0.38,0.43,0.00
0.27,0.14,0.26,0.15,0.40,0.20,0.03,0.10,0.29,0.23,0.03,0.07,0.03,0.01,0.15,0.07,0.02,0.15,0.08,0.02,0.20,0.15,0.19,0.09,0.39,0.12,0.04,0.22,0.16,0.09,1.00
0.25,0.35,0.25,0.13,0.51,0.29,0.19,0.11,0.54,0.40,0.03,0.10,0.01,0.01,0.15,0.15,0.10,0.19,0.07,0.10,0.19,0.32,0.17,0.08,0.46,0.20,0.28,0.28,0.23,0.22,1.00
0.31,0.31,0.31,0.18,0.48,0.29,0.20,0.27,0.38,0.23,0.04,0.21,0.04,0.02,0.13,0.13,0.08,0.26,0.07,0.05,0.24,0.40,0.23,0.12,0.47,0.22,0.27,0.50,0.22,0.14,1.00
0.28,0.21,0.28,0.16,0.31,0.23,0.11,0.15,0.36,0.26,0.04,0.09,0.04,0.02,0.12,0.10,0.04,0.14,0.19,0.03,0.23,0.26,0.23,0.11,0.40,0.22,0.17,0.35,0.39,0.17,1.00
0.23,0.26,0.22,0.12,0.43,0.11,0.06,0.08,0.33,0.17,0.03,0.35,0.01,0.01,0.21,0.05,0.04,0.12,0.33,0.04,0.17,0.39,0.15,0.07,0.43,0.07,0.07,0.15,0.32,0.07,1.00
0.08,0.11,0.07,0.03,0.46,0.17,0.06,0.08,0.31,0.45,0.01,0.07,0.01,0.00,0.21,0.12,0.05,0.14,0.11,0.10,0.05,0.17,0.06,0.02,0.61,0.19,0.14,0.29,0.28,0.33,1.00
0.17,0.29,0.16,0.08,0.26,0.08,0.05,0.06,0.66,0.16,0.03,0.48,0.02,0.01,0.31,0.08,0.05,0.21,0.13,0.12,0.11,0.30,0.09,0.04,0.18,0.04,0.03,0.08,0.22,0.08,1.00
0.47,0.33,0.45,0.31,0.20,0.16,0.12,0.14,0.40,0.06,0.13,0.38,0.13,0.07,0.06,0.18,0.08,0.21,0.10,0.02,0.37,0.43,0.35,0.21,0.11,0.14,0.15,0.29,0.19,0.03,1.00
0.42,0.28,0.41,0.27,0.40,0.34,0.23,0.33,0.39,0.23,0.14,0.14,0.13,0.09,0.14,0.29,0.07,0.24,0.17,0.11,0.44,0.41,0.43,0.27,0.45,0.52,0.32,0.62,0.44,0.33,0.00
0.19,0.17,0.18,0.10,0.22,0.09,0.06,0.04,0.24,0.26,0.03,0.07,0.02,0.01,0.09,0.09,0.05,0.08,0.06,0.09,0.17,0.22,0.15,0.08,0.27,0.16,0.17,0.19,0.20,0.24,1.00
0.61,0.36,0.60,0.45,0.46,0.34,0.33,0.47,0.37,0.25,0.14,0.11,0.14,0.10,0.11,0.16,0.08,0.22,0.04,0.09,0.56,0.35,0.55,0.36,0.47,0.29,0.33,0.55,0.19,0.24,0.00
0.24,0.62,0.23,0.13,0.31,0.12,0.06,0.12,0.40,0.15,0.18,0.50,0.16,0.07,0.20,0.10,0.04,0.22,0.18,0.10,0.20,0.57,0.18,0.09,0.22,0.07,0.04,0.19,0.17,0.07,1.00
0.63,0.40,0.64,0.48,0.58,0.52,0.60,0.75,0.76,0.35,0.17,0.15,0.15,0.12,0.13,0.17,0.08,0.26,0.28,0.08,0.62,0.53,0.60,0.43,0.58,0.41,0.43,0.92,0.79,0.31,0.00
0.32,0.27,0.30,0.18,0.42,0.18,0.11,0.16,0.34,0.23,0.05,0.13,0.04,0.03,0.05,0.04,0.04,0.17,0.07,0.02,0.25,0.31,0.23,0.12,0.32,0.10,0.14,0.31,0.19,0.10,1.00
0.58,0.21,0.57,0.43,0.31,0.30,0.28,0.48,0.34,0.04,0.32,0.06,0.29,0.21,0.26,0.21,0.11,0.53,0.33,0.09,0.50,0.15,0.48,0.32,0.27,0.17,0.18,0.61,0.17,0.05,0.00
0.29,0.20,0.29,0.16,0.50,0.33,0.11,0.15,0.46,0.38,0.03,0.09,0.03,0.01,0.08,0.13,0.04,0.12,0.13,0.05,0.23,0.23,0.23,0.11,0.40,0.24,0.15,0.25,0.32,0.18,1.00
0.26,0.28,0.25,0.15,0.20,0.02,0.00,0.03,0.24,0.04,0.09,0.13,0.07,0.04,0.14,0.02,0.00,0.07,0.18,0.01,0.21,0.24,0.18,0.10,0.14,0.02,0.00,0.06,0.13,0.00,1.00
0.48,0.48,0.48,0.32,0.61,0.40,0.57,0.60,0.60,0.29,0.18,0.23,0.15,0.11,0.22,0.21,0.13,0.21,0.18,0.10,0.46,0.53,0.43,0.28,0.61,0.32,0.45,0.63,0.39,0.20,0.00
0.22,0.21,0.22,0.11,0.51,0.30,0.17,0.22,0.42,0.28,0.05,0.08,0.04,0.02,0.14,0.13,0.07,0.25,0.15,0.04,0.17,0.20,0.16,0.07,0.46,0.18,0.18,0.38,0.24,0.13,1.00
0.37,0.40,0.36,0.22,0.55,0.36,0.30,0.40,0.49,0.37,0.11,0.17,0.09,0.06,0.07,0.20,0.06,0.24,0.14,0.11,0.35,0.50,0.33,0.20,0.43,0.39,0.29,0.63,0.42,0.36,0.00
0.20,0.11,0.20,0.10,0.64,0.28,0.19,0.28,0.48,0.40,0.05,0.14,0.05,0.02,0.17,0.12,0.05,0.22,0.19,0.10,0.17,0.23,0.17,0.07,0.59,0.21,0.18,0.45,0.35,0.24,1.00
0.24,0.17,0.24,0.13,0.46,0.22,0.15,0.14,0.31,0.22,0.06,0.08,0.05,0.02,0.13,0.09,0.06,0.11,0.09,0.05,0.21,0.23,0.20,0.10,0.52,0.18,0.24,0.23,0.23,0.18,1.00
0.27,0.24,0.27,0.15,0.54,0.28,0.09,0.15,0.54,0.34,0.10,0.14,0.08,0.04,0.20,0.10,0.05,0.17,0.14,0.09,0.23,0.26,0.22,0.11,0.50,0.17,0.11,0.28,0.30,0.20,1.00
0.20,0.43,0.19,0.10,0.39,0.19,0.11,0.11,0.49,0.33,0.06,0.24,0.06,0.02,0.06,0.21,0.09,0.19,0.30,0.13,0.15,0.43,0.14,0.06,0.25,0.15,0.12,0.22,0.32,0.17,1.00
0.16,0.19,0.16,0.08,0.48,0.18,0.02,0.06,0.37,0.31,0.03,0.12,0.02,0.01,0.16,0.04,0.01,0.09,0.10,0.07,0.13,0.21,0.11,0.05,0.42,0.09,0.02,0.15,0.21,0.18,1.00
0.08,0.07,0.07,0.03,0.41,0.10,0.05,0.04,0.31,0.46,0.02,0.05,0.01,0.00,0.29,0.06,0.05,0.11,0.18,0.07,0.06,0.09,0.05,0.02,0.67,0.09,0.09,0.15,0.33,0.23,1.00
0.34,0.11,0.32,0.20,0.37,0.10,0.04,0.14,0.16,0.15,0.05,0.16,0.04,0.03,0.17,0.07,0.01,0.13,0.09,0.05,0.27,0.16,0.24,0.14,0.38,0.08,0.04,0.20,0.11,0.10,1.00
0.14,0.39,0.13,0.07,0.26,0.06,0.01,0.03,0.29,0.30,0.03,0.22,0.02,0.01,0.14,0.03,0.01,0.07,0.09,0.05,0.11,0.45,0.10,0.05,0.27,0.04,0.01,0.09,0.15,0.17,1.00
0.22,0.03,0.21,0.11,0.30,0.12,0.03,0.04,0.39,0.23,0.01,0.00,0.02,0.00,0.08,0.08,0.03,0.09,0.18,0.04,0.16,0.02,0.15,0.07,0.25,0.13,0.07,0.16,0.36,0.13,1.00
0.66,0.52,0.69,0.51,0.52,0.63,0.74,0.73,0.55,0.40,0.31,0.15,0.38,0.21,0.16,0.31,0.20,0.50,0.18,0.18,0.58,0.46,0.64,0.40,0.46,0.38,0.53,0.87,0.27,0.29,0.00
0.30,0.23,0.29,0.17,0.17,0.17,0.19,0.14,0.18,0.17,0.02,0.17,0.02,0.01,0.14,0.23,0.13,0.20,0.06,0.11,0.23,0.29,0.21,0.11,0.21,0.22,0.26,0.31,0.10,0.14,1.00
0.21,0.19,0.20,0.11,0.40,0.15,0.08,0.14,0.34,0.18,0.02,0.14,0.02,0.01,0.12,0.10,0.04,0.16,0.10,0.02,0.16,0.27,0.15,0.07,0.32,0.13,0.11,0.29,0.22,0.08,1.00
0.33,0.21,0.32,0.20,0.29,0.12,0.08,0.15,0.33,0.19,0.10,0.15,0.09,0.05,0.21,0.08,0.04,0.17,0.17,0.07,0.27,0.25,0.25,0.14,0.32,0.09,0.09,0.26,0.23,0.11,1.00
0.62,0.34,0.60,0.48,0.25,0.20,0.27,0.38,0.44,0.02,0.17,0.07,0.15,0.13,0.10,0.09,0.07,0.24,0.20,0.02,0.54,0.29,0.50,0.36,0.23,0.12,0.21,0.49,0.29,0.03,0.00
0.27,0.27,0.26,0.15,0.24,0.08,0.03,0.09,0.20,0.12,0.07,0.12,0.06,0.03,0.19,0.07,0.01,0.11,0.16,0.01,0.21,0.24,0.19,0.10,0.24,0.07,0.03,0.12,0.12,0.03,1.00
0.64,0.40,0.61,0.49,0.28,0.20,0.21,0.30,0.21,0.04,0.21,0.15,0.21,0.14,0.21,0.22,0.11,0.32,0.08,0.10,0.58,0.38,0.55,0.38,0.34,0.20,0.25,0.50,0.13,0.11,0.00
0.38,0.20,0.37,0.23,0.28,0.28,0.15,0.19,0.41,0.19,0.04,0.03,0.07,0.02,0.08,0.22,0.09,0.22,0.08,0.08,0.30,0.19,0.32,0.15,0.28,0.33,0.27,0.47,0.27,0.19,1.00
0.52,0.24,0.51,0.36,0.33,0.32,0.26,0.31,0.33,0.17,0.07,0.05,0.05,0.05,0.08,0.10,0.08,0.18,0.07,0.05,0.44,0.27,0.41,0.27,0.36,0.23,0.34,0.53,0.25,0.18,0.00
0.21,0.59,0.19,0.11,0.15,0.06,0.04,0.02,0.41,0.13,0.00,0.12,0.01,0.00,0.07,0.11,0.04,0.06,0.11,0.04,0.15,0.58,0.15,0.07,0.14,0.11,0.09,0.07,0.25,0.10,1.00
0.21,0.31,0.20,0.11,0.31,0.09,0.06,0.11,0.48,0.20,0.06,0.36,0.06,0.02,0.16,0.09,0.03,0.19,0.37,0.07,0.16,0.38,0.14,0.07,0.27,0.07,0.06,0.21,0.34,0.10,1.00
0.09,0.20,0.09,0.04,0.27,0.18,0.11,0.12,0.44,0.34,0.15,0.19,0.17,0.04,0.31,0.20,0.08,0.29,0.29,0.11,0.07,0.15,0.07,0.03,0.20,0.09,0.08,0.16,0.17,0.13,1.00
0.23,0.26,0.22,0.12,0.35,0.13,0.07,0.08,0.40,0.22,0.08,0.17,0.07,0.03,0.13,0.13,0.05,0.10,0.10,0.08,0.20,0.33,0.18,0.09,0.35,0.14,0.12,0.18,0.24,0.17,1.00
0.14,0.20,0.13,0.06,0.38,0.20,0.05,0.12,0.17,0.40,0.05,0.19,0.06,0.02,0.24,0.14,0.03,0.13,0.15,0.09,0.12,0.29,0.12,0.05,0.47,0.19,0.07,0.22,0.18,0.24,1.00
0.34,0.42,0.36,0.21,0.47,0.56,0.50,0.43,0.45,0.48,0.21,0.20,0.22,0.10,0.26,0.51,0.17,0.35,0.13,0.18,0.35,0.47,0.34,0.19,0.61,0.58,0.55,0.61,0.25,0.38,0.00
0.49,0.45,0.46,0.33,0.31,0.13,0.07,0.14,0.25,0.07,0.10,0.21,0.09,0.07,0.14,0.07,0.03,0.15,0.09,0.02,0.42,0.52,0.39,0.25,0.35,0.12,0.10,0.28,0.17,0.07,0.00
0.47,0.36,0.46,0.32,0.32,0.16,0.16,0.27,0.49,0.05,0.17,0.11,0.16,0.12,0.11,0.10,0.05,0.21,0.21,0.06,0.42,0.35,0.40,0.25,0.26,0.12,0.15,0.38,0.34,0.06,0.00
0.38,0.24,0.38,0.23,0.42,0.36,0.18,0.31,0.31,0.39,0.09,0.11,0.07,0.05,0.08,0.12,0.05,0.19,0.04,0.08,0.31,0.22,0.30,0.17,0.28,0.18,0.15,0.35,0.12,0.20,1.00
0.36,0.14,0.35,0.21,0.52,0.22,0.16,0.32,0.30,0.24,0.07,0.08,0.07,0.04,0.15,0.08,0.04,0.22,0.20,0.09,0.28,0.13,0.26,0.14,0.42,0.12,0.11,0.37,0.21,0.15,1.00
0.64,0.66,0.67,0.48,0.59,0.79,0.82,0.76,0.68,0.43,0.22,0.27,0.24,0.15,0.16,0.45,0.18,0.32,0.22,0.18,0.63,0.73,0.67,0.40,0.62,0.82,0.75,0.91,0.50,0.45,0.00
0.14,0.33,0.14,0.07,0.43,0.24,0.14,0.15,0.45,0.28,0.02,0.19,0.04,0.01,0.25,0.15,0.08,0.21,0.12,0.09,0.10,0.39,0.11,0.04,0.56,0.20,0.21,0.34,0.21,0.20,1.00
0.16,0.17,0.15,0.08,0.42,0.22,0.08,0.10,0.29,0.42,0.08,0.47,0.08,0.02,0.53,0.33,0.07,0.25,0.41,0.20,0.10,0.20,0.10,0.04,0.43,0.13,0.06,0.14,0.17,0.20,1.00
0.08,0.38,0.08,0.03,0.65,0.22,0.07,0.05,0.39,0.37,0.09,0.38,0.08,0.02,0.35,0.22,0.08,0.18,0.36,0.07,0.06,0.40,0.06,0.02,0.61,0.14,0.07,0.10,0.28,0.14,1.00
0.10,0.14,0.11,0.05,0.22,0.21,0.14,0.11,0.65,0.41,0.11,0.42,0.09,0.03,0.24,0.28,0.11,0.30,0.48,0.17,0.07,0.19,0.08,0.03,0.18,0.14,0.11,0.17,0.34,0.20,1.00
0.10,0.31,0.11,0.04,0.42,0.55,0.46,0.24,0.64,0.79,0.13,0.34,0.14,0.03,0.28,0.48,0.26,0.48,0.38,0.24,0.08,0.30,0.09,0.03,0.34,0.34,0.37,0.39,0.31,0.33,1.00
0.31,0.63,0.29,0.18,0.20,0.09,0.03,0.06,0.18,0.16,0.02,0.17,0.03,0.02,0.11,0.07,0.02,0.10,0.09,0.03,0.24,0.63,0.23,0.12,0.26,0.11,0.06,0.20,0.22,0.10,1.00
0.13,0.08,0.12,0.06,0.36,0.07,0.00,0.00,0.43,0.30,0.03,0.03,0.02,0.01,0.15,0.03,0.00,0.00,0.21,0.08,0.10,0.06,0.08,0.04,0.34,0.04,0.00,0.00,0.30,0.17,1.00
0.49,0.54,0.49,0.34,0.43,0.29,0.39,0.33,0.13,0.18,0.15,0.29,0.14,0.10,1.00,0.63,0.36,0.74,0.20,0.40,0.36,0.43,0.35,0.21,0.35,0.15,0.22,0.38,0.01,0.09,0.00
0.77,0.42,0.75,0.65,0.29,0.29,0.31,0.48,0.37,0.12,0.20,0.11,0.18,0.17,0.11,0.17,0.07,0.31,0.16,0.10,0.71,0.43,0.67,0.55,0.34,0.32,0.32,0.81,0.40,0.24,0.00
0.13,0.28,0.12,0.06,0.28,0.11,0.03,0.03,0.31,0.30,0.08,0.21,0.07,0.03,0.32,0.08,0.03,0.07,0.27,0.07,0.11,0.34,0.10,0.05,0.45,0.10,0.05,0.09,0.29,0.16,1.00
0.59,0.46,0.59,0.44,0.44,0.34,0.43,0.51,0.47,0.19,0.18,0.55,0.22,0.12,0.32,0.29,0.19,0.65,0.28,0.18,0.46,0.49,0.46,0.28,0.36,0.21,0.31,0.63,0.20,0.14,0.00
0.18,0.36,0.18,0.09,0.50,0.34,0.20,0.14,0.31,0.39,0.08,0.25,0.07,0.03,0.24,0.34,0.19,0.33,0.27,0.23,0.13,0.35,0.13,0.06,0.41,0.22,0.20,0.30,0.21,0.21,1.00
0.29,0.53,0.28,0.17,0.32,0.10,0.06,0.10,0.28,0.12,0.04,0.22,0.03,0.02,0.14,0.04,0.04,0.12,0.08,0.03,0.23,0.59,0.20,0.11,0.38,0.08,0.11,0.21,0.17,0.08,1.00
0.46,0.39,0.46,0.32,0.54,0.39,0.36,0.46,0.47,0.28,0.25,0.12,0.22,0.18,0.15,0.12,0.07,0.21,0.10,0.07,0.66,0.52,0.63,0.50,0.72,0.32,0.38,0.72,0.40,0.27,0.00
0.31,0.38,0.31,0.18,0.44,0.33,0.25,0.27,0.33,0.30,0.04,0.05,0.04,0.02,0.12,0.15,0.08,0.24,0.08,0.08,0.27,0.37,0.28,0.14,0.59,0.38,0.40,0.78,0.24,0.34,0.00
0.32,0.47,0.33,0.19,0.72,0.48,0.37,0.46,0.60,0.51,0.16,0.35,0.15,0.09,0.24,0.22,0.08,0.24,0.17,0.12,0.40,0.80,0.39,0.24,1.00,0.48,0.37,0.69,0.57,0.35,0.00
0.21,0.30,0.20,0.11,0.47,0.20,0.10,0.13,0.44,0.26,0.05,0.14,0.03,0.02,0.23,0.11,0.05,0.21,0.23,0.01,0.16,0.29,0.14,0.07,0.51,0.13,0.13,0.29,0.29,0.08,1.00
0.39,0.24,0.38,0.24,0.33,0.23,0.18,0.20,0.27,0.21,0.06,0.00,0.06,0.04,0.13,0.13,0.05,0.16,0.10,0.07,0.35,0.22,0.34,0.20,0.51,0.30,0.27,0.43,0.36,0.28,0.00
0.39,0.12,0.37,0.24,0.24,0.15,0.08,0.13,0.33,0.12,0.02,0.01,0.03,0.02,0.11,0.09,0.04,0.17,0.12,0.03,0.29,0.10,0.27,0.16,0.27,0.14,0.11,0.28,0.18,0.08,1.00
0.35,0.18,0.35,0.21,0.42,0.25,0.20,0.27,0.34,0.23,0.05,0.08,0.06,0.03,0.14,0.16,0.08,0.28,0.09,0.06,0.28,0.21,0.29,0.14,0.40,0.24,0.25,0.55,0.22,0.14,1.00
0.30,0.17,0.28,0.17,0.19,0.10,0.08,0.13,0.16,0.07,0.11,0.18,0.09,0.06,0.09,0.06,0.03,0.20,0.04,0.02,0.30,0.28,0.27,0.16,0.19,0.09,0.11,0.34,0.09,0.05,1.00
0.68,0.18,0.67,0.53,0.43,0.41,0.45,0.62,0.46,0.25,0.08,0.21,0.08,0.06,0.09,0.18,0.09,0.25,0.12,0.12,0.53,0.26,0.51,0.33,0.32,0.25,0.32,0.68,0.23,0.21,0.00
0.30,0.24,0.29,0.17,0.24,0.12,0.05,0.07,0.30,0.15,0.02,0.06,0.01,0.01,0.09,0.08,0.04,0.10,0.07,0.04,0.24,0.26,0.22,0.12,0.33,0.14,0.11,0.24,0.23,0.14,1.00
0.60,0.40,0.60,0.45,0.41,0.35,0.44,0.55,0.52,0.15,0.19,0.43,0.21,0.11,0.10,0.24,0.11,0.34,0.42,0.08,0.53,0.60,0.53,0.33,0.33,0.31,0.38,0.77,0.49,0.16,0.00
0.39,0.53,0.41,0.25,0.50,0.46,0.39,0.43,0.44,0.33,0.12,0.14,0.13,0.07,0.12,0.21,0.09,0.21,0.14,0.07,0.44,0.66,0.49,0.27,0.61,0.57,0.51,0.70,0.49,0.29,0.00
0.33,0.25,0.33,0.19,0.51,0.33,0.23,0.26,0.43,0.24,0.11,0.10,0.09,0.05,0.16,0.18,0.08,0.25,0.18,0.06,0.30,0.27,0.29,0.16,0.53,0.29,0.26,0.47,0.30,0.16,0.00
0.67,0.45,0.65,0.53,0.38,0.25,0.26,0.43,0.36,0.06,0.21,0.17,0.17,0.16,0.10,0.08,0.04,0.20,0.04,0.04,0.76,0.63,0.69,0.60,0.46,0.23,0.25,0.69,0.25,0.13,0.00
0.15,0.18,0.14,0.07,0.36,0.08,0.00,0.01,0.32,0.22,0.11,0.20,0.09,0.04,0.43,0.07,0.00,0.05,0.25,0.09,0.14,0.24,0.12,0.06,0.53,0.07,0.01,0.04,0.27,0.14,1.00
0.21,0.04,0.20,0.11,0.37,0.15,0.08,0.13,0.31,0.24,0.01,0.02,0.02,0.01,0.15,0.10,0.04,0.12,0.08,0.05,0.17,0.11,0.17,0.08,0.55,0.21,0.17,0.31,0.29,0.20,1.00
0.21,0.18,0.21,0.11,0.44,0.18,0.10,0.15,0.42,0.25,0.05,0.15,0.04,0.02,0.17,0.08,0.05,0.19,0.13,0.07,0.17,0.24,0.15,0.08,0.45,0.13,0.14,0.33,0.22,0.15,1.00
0.36,0.60,0.37,0.22,0.55,0.43,0.38,0.37,0.63,0.44,0.09,0.15,0.10,0.05,0.13,0.30,0.12,0.21,0.15,0.16,0.34,0.67,0.37,0.19,0.64,0.61,0.56,0.59,0.52,0.52,0.00
0.26,0.29,0.25,0.15,0.28,0.07,0.00,0.01,0.32,0.18,0.06,0.22,0.05,0.03,0.16,0.04,0.00,0.06,0.25,0.04,0.20,0.29,0.18,0.09,0.22,0.04,0.00,0.03,0.19,0.06,1.00
0.28,0.29,0.28,0.16,0.19,0.18,0.10,0.09,0.41,0.19,0.04,0.21,0.08,0.03,0.07,0.26,0.09,0.20,0.26,0.10,0.22,0.34,0.23,0.11,0.15,0.20,0.13,0.23,0.32,0.11,1.00
0.26,0.25,0.24,0.14,0.21,0.05,0.03,0.08,0.21,0.12,0.10,0.41,0.08,0.05,0.19,0.06,0.03,0.21,0.37,0.07,0.18,0.22,0.16,0.08,0.09,0.02,0.02,0.10,0.07,0.03,1.00
0.20,0.17,0.19,0.10,0.27,0.08,0.00,0.01,0.36,0.23,0.04,0.14,0.04,0.02,0.13,0.04,0.00,0.06,0.13,0.04,0.17,0.27,0.16,0.08,0.30,0.07,0.00,0.06,0.25,0.13,1.00
0.29,0.21,0.28,0.17,0.29,0.10,0.00,0.02,0.29,0.19,0.03,0.05,0.02,0.02,0.07,0.04,0.00,0.05,0.08,0.06,0.23,0.22,0.21,0.11,0.27,0.10,0.01,0.09,0.21,0.19,1.00
0.15,0.17,0.14,0.07,0.55,0.19,0.03,0.06,0.85,0.41,0.15,0.24,0.12,0.05,0.20,0.07,0.02,0.16,0.48,0.17,0.11,0.14,0.10,0.05,0.37,0.07,0.02,0.09,0.39,0.17,1.00
0.48,0.32,0.48,0.32,0.55,0.42,0.45,0.54,0.54,0.28,0.07,0.07,0.07,0.05,0.13,0.13,0.08,0.26,0.05,0.05,0.41,0.34,0.41,0.25,0.65,0.36,0.40,0.87,0.30,0.23,0.00
0.50,0.46,0.52,0.36,0.36,0.56,0.50,0.50,0.32,0.50,0.30,0.24,0.24,0.18,0.17,0.51,0.17,0.44,0.12,0.36,0.49,0.45,0.46,0.31,0.33,0.44,0.41,0.69,0.15,0.44,0.00
0.31,0.41,0.30,0.18,0.24,0.19,0.10,0.11,0.29,0.18,0.08,0.34,0.09,0.04,0.13,0.16,0.08,0.19,0.17,0.07,0.24,0.48,0.24,0.12,0.19,0.14,0.12,0.21,0.17,0.10,1.00
0.53,0.41,0.51,0.37,0.19,0.21,0.26,0.29,0.36,0.07,0.19,0.21,0.17,0.13,0.13,0.38,0.15,0.27,0.19,0.14,0.42,0.34,0.39,0.26,0.11,0.16,0.20,0.32,0.16,0.07,0.00
0.28,0.65,0.27,0.16,0.26,0.12,0.15,0.12,0.26,0.15,0.04,0.22,0.04,0.02,0.23,0.14,0.10,0.14,0.13,0.07,0.21,0.63,0.19,0.10,0.34,0.13,0.19,0.22,0.16,0.11,1.00
0.56,0.41,0.55,0.41,0.44,0.37,0.37,0.43,0.45,0.24,0.26,0.35,0.18,0.18,0.22,0.29,0.13,0.35,0.22,0.13,0.52,0.50,0.47,0.35,0.45,0.31,0.31,0.59,0.28,0.18,0.00
0.61,0.40,0.59,0.46,0.37,0.34,0.30,0.43,0.52,0.12,0.31,0.18,0.27,0.22,0.17,0.22,0.09,0.32,0.16,0.11,0.63,0.44,0.60,0.45,0.42,0.29,0.29,0.63,0.30,0.18,0.00
0.69,0.43,0.70,0.54,0.58,0.58,0.66,0.78,0.56,0.34,0.19,0.12,0.16,0.14,0.12,0.26,0.12,0.24,0.18,0.11,0.65,0.45,0.61,0.47,0.52,0.53,0.56,0.83,0.45,0.30,0.00
0.19,0.24,0.19,0.10,0.50,0.18,0.07,0.12,0.33,0.28,0.03,0.23,0.03,0.01,0.12,0.05,0.03,0.14,0.13,0.05,0.16,0.38,0.15,0.07,0.43,0.12,0.09,0.26,0.28,0.16,1.00
0.42,0.36,0.41,0.26,0.45,0.31,0.27,0.32,0.44,0.28,0.09,0.12,0.07,0.05,0.10,0.16,0.06,0.16,0.14,0.08,0.41,0.49,0.38,0.22,0.55,0.41,0.32,0.51,0.48,0.34,0.00
0.33,0.39,0.32,0.20,0.34,0.15,0.03,0.09,0.23,0.18,0.05,0.25,0.04,0.03,0.19,0.09,0.02,0.19,0.07,0.07,0.26,0.49,0.24,0.13,0.38,0.12,0.05,0.27,0.13,0.14,1.00
0.58,0.57,0.57,0.42,0.45,0.39,0.45,0.48,0.43,0.26,0.19,0.14,0.17,0.12,0.19,0.17,0.10,0.24,0.09,0.09,0.56,0.64,0.54,0.38,0.71,0.35,0.46,0.64,0.33,0.28,0.00
0.17,0.32,0.16,0.08,0.43,0.20,0.07,0.06,0.58,0.31,0.09,0.26,0.07,0.03,0.20,0.15,0.07,0.16,0.27,0.09,0.13,0.30,0.12,0.05,0.34,0.12,0.06,0.11,0.25,0.13,1.00
0.13,0.29,0.12,0.06,0.15,0.01,0.00,0.00,0.30,0.31,0.09,1.00,0.07,0.03,0.00,0.03,0.00,0.00,0.42,0.03,0.07,0.23,0.06,0.03,0.00,0.00,0.00,0.00,0.07,0.07,1.00
0.54,0.37,0.53,0.39,0.49,0.32,0.37,0.47,0.40,0.20,0.16,0.12,0.12,0.11,0.15,0.12,0.07,0.20,0.11,0.06,0.50,0.38,0.46,0.32,0.52,0.22,0.30,0.52,0.30,0.15,0.00
0.19,0.25,0.19,0.09,0.60,0.27,0.10,0.21,0.45,0.63,0.02,0.15,0.03,0.01,0.37,0.16,0.05,0.24,0.20,0.26,0.13,0.23,0.13,0.06,0.63,0.17,0.10,0.33,0.24,0.41,1.00
0.24,0.31,0.23,0.13,0.28,0.12,0.02,0.04,0.25,0.22,0.05,0.17,0.04,0.02,0.19,0.07,0.01,0.10,0.17,0.06,0.20,0.40,0.18,0.09,0.38,0.10,0.04,0.18,0.26,0.17,1.00
0.26,0.30,0.26,0.14,0.42,0.27,0.19,0.19,0.44,0.29,0.10,0.15,0.08,0.04,0.18,0.13,0.07,0.20,0.14,0.09,0.25,0.34,0.23,0.12,0.47,0.20,0.21,0.35,0.29,0.21,1.00
0.38,0.31,0.37,0.23,0.26,0.30,0.21,0.18,0.35,0.32,0.11,0.34,0.12,0.06,0.14,0.35,0.13,0.29,0.36,0.29,0.30,0.36,0.28,0.15,0.19,0.22,0.20,0.29,0.25,0.24,1.00
0.28,0.20,0.27,0.15,0.34,0.19,0.14,0.15,0.33,0.19,0.01,0.03,0.02,0.01,0.11,0.12,0.08,0.16,0.11,0.05,0.22,0.20,0.21,0.10,0.41,0.23,0.28,0.34,0.28,0.15,1.00
0.23,0.17,0.24,0.12,0.56,0.34,0.09,0.15,0.47,0.60,0.10,0.06,0.11,0.03,0.29,0.34,0.07,0.21,0.33,0.29,0.19,0.12,0.18,0.08,0.47,0.22,0.08,0.21,0.23,0.32,1.00
0.36,0.13,0.35,0.22,0.41,0.21,0.19,0.22,0.34,0.14,0.11,0.06,0.09,0.06,0.11,0.12,0.08,0.16,0.11,0.05,0.31,0.14,0.29,0.17,0.34,0.16,0.20,0.32,0.21,0.10,1.00
0.19,0.11,0.17,0.09,0.20,0.05,0.01,0.03,0.19,0.16,0.06,0.09,0.05,0.02,0.15,0.03,0.00,0.07,0.12,0.06,0.16,0.16,0.14,0.07,0.30,0.05,0.01,0.14,0.23,0.14,1.00
0.56,0.40,0.55,0.40,0.35,0.37,0.25,0.30,0.45,0.23,0.19,0.26,0.17,0.15,0.20,0.28,0.10,0.34,0.19,0.12,0.59,0.60,0.55,0.41,0.52,0.44,0.37,0.70,0.42,0.29,0.00
0.60,0.39,0.60,0.45,0.51,0.43,0.46,0.64,0.51,0.21,0.23,0.09,0.18,0.16,0.15,0.28,0.10,0.39,0.21,0.13,0.56,0.36,0.51,0.37,0.48,0.39,0.36,0.84,0.40,0.21,0.00
0.22,0.50,0.21,0.12,0.20,0.12,0.05,0.07,0.44,0.19,0.05,0.32,0.06,0.02,0.15,0.16,0.04,0.13,0.34,0.05,0.16,0.52,0.15,0.07,0.16,0.11,0.06,0.17,0.33,0.08,1.00
0.51,0.62,0.51,0.36,0.43,0.34,0.40,0.41,0.33,0.19,0.10,0.16,0.10,0.07,0.10,0.13,0.09,0.21,0.06,0.06,0.48,0.71,0.47,0.31,0.46,0.34,0.51,0.68,0.28,0.23,0.00
0.23,0.37,0.24,0.13,0.30,0.25,0.15,0.19,0.27,0.37,0.06,0.23,0.12,0.03,0.17,0.37,0.11,0.31,0.15,0.25,0.19,0.41,0.21,0.09,0.27,0.25,0.19,0.40,0.18,0.29,1.00
0.36,0.44,0.36,0.22,0.29,0.35,0.24,0.19,0.20,0.24,0.04,0.17,0.07,0.02,0.09,0.33,0.17,0.30,0.12,0.12,0.27,0.41,0.28,0.13,0.21,0.28,0.29,0.38,0.14,0.16,1.00
0.65,0.26,0.63,0.51,0.38,0.27,0.36,0.44,0.26,0.10,0.18,0.07,0.16,0.13,0.15,0.13,0.07,0.23,0.07,0.03,0.62,0.30,0.58,0.43,0.56,0.27,0.33,0.73,0.22,0.10,0.00
0.28,0.22,0.27,0.16,0.38,0.13,0.09,0.08,0.48,0.16,0.04,0.19,0.04,0.02,0.13,0.15,0.07,0.12,0.25,0.04,0.21,0.31,0.19,0.10,0.36,0.15,0.16,0.20,0.40,0.10,1.00
0.40,0.35,0.41,0.26,0.57,0.42,0.44,0.45,0.44,0.37,0.19,0.21,0.18,0.11,0.19,0.20,0.13,0.31,0.15,0.12,0.47,0.46,0.46,0.29,0.64,0.35,0.44,0.73,0.32,0.31,0.00
0.57,0.50,0.54,0.40,0.34,0.31,0.34,0.41,0.45,0.13,0.16,0.07,0.11,0.09,0.07,0.12,0.09,0.23,0.17,0.08,0.59,0.49,0.51,0.35,0.35,0.28,0.46,0.67,0.47,0.25,0.00
0.55,0.25,0.54,0.40,0.48,0.28,0.34,0.43,0.46,0.26,0.22,0.27,0.19,0.16,0.22,0.14,0.08,0.30,0.18,0.13,0.51,0.34,0.47,0.34,0.52,0.20,0.26,0.58,0.26,0.19,0.00
0.29,0.42,0.26,0.16,0.09,0.00,0.00,0.01,0.17,0.05,0.02,0.17,0.02,0.01,0.06,0.00,0.00,0.04,0.12,0.00,0.22,0.45,0.19,0.10,0.07,0.01,0.01,0.03,0.14,0.02,1.00
0.31,0.43,0.30,0.18,0.31,0.18,0.11,0.17,0.38,0.15,0.04,0.22,0.05,0.03,0.09,0.09,0.05,0.22,0.12,0.04,0.26,0.53,0.24,0.13,0.30,0.14,0.18,0.44,0.26,0.09,1.00
0.20,0.66,0.19,0.10,0.20,0.05,0.00,0.00,0.00,0.11,0.07,0.78,0.06,0.03,0.20,0.05,0.00,0.00,0.17,0.03,0.14,0.70,0.12,0.06,0.14,0.03,0.00,0.00,0.00,0.03,1.00
0.27,0.40,0.26,0.15,0.31,0.14,0.07,0.14,0.32,0.27,0.22,0.31,0.21,0.09,0.10,0.12,0.05,0.33,0.36,0.17,0.21,0.31,0.19,0.10,0.15,0.06,0.04,0.16,0.12,0.09,1.00
0.54,0.41,0.53,0.40,0.38,0.24,0.27,0.34,0.32,0.15,0.18,0.19,0.14,0.11,0.15,0.09,0.07,0.17,0.10,0.05,0.52,0.52,0.47,0.35,0.50,0.19,0.32,0.47,0.30,0.14,0.00
0.25,0.58,0.26,0.14,0.46,0.36,0.25,0.23,0.45,0.41,0.11,0.32,0.09,0.05,0.25,0.27,0.10,0.25,0.15,0.17,0.27,0.73,0.26,0.14,0.71,0.43,0.35,0.50,0.33,0.43,0.00
0.30,0.71,0.29,0.18,0.36,0.17,0.07,0.16,0.16,0.21,0.08,0.35,0.07,0.04,0.14,0.08,0.02,0.17,0.11,0.07,0.25,0.79,0.23,0.13,0.30,0.11,0.06,0.27,0.12,0.14,1.00
0.37,0.43,0.40,0.23,0.42,0.62,0.64,0.48,0.50,0.40,0.05,0.11,0.13,0.03,0.18,0.45,0.20,0.42,0.10,0.17,0.30,0.41,0.37,0.16,0.47,0.66,0.72,0.85,0.26,0.40,0.00
0.17,0.35,0.17,0.08,0.54,0.34,0.15,0.15,0.44,0.59,0.08,0.33,0.06,0.02,0.35,0.26,0.12,0.29,0.21,0.20,0.11,0.29,0.11,0.05,0.39,0.17,0.10,0.21,0.16,0.23,1.00
0.37,0.17,0.35,0.22,0.33,0.18,0.11,0.18,0.23,0.19,0.08,0.01,0.08,0.04,0.10,0.10,0.05,0.20,0.19,0.07,0.33,0.16,0.32,0.17,0.34,0.17,0.17,0.43,0.30,0.18,1.00
0.84,0.40,0.84,0.72,0.45,0.59,0.54,0.73,0.47,0.37,0.32,0.12,0.30,0.25,0.11,0.22,0.09,0.30,0.15,0.13,0.78,0.40,0.77,0.60,0.42,0.38,0.37,0.85,0.31,0.27,0.00
0.31,0.31,0.30,0.17,0.50,0.29,0.10,0.16,0.33,0.28,0.03,0.05,0.03,0.02,0.09,0.09,0.04,0.14,0.08,0.03,0.26,0.35,0.26,0.13,0.60,0.28,0.21,0.49,0.38,0.21,1.00
0.23,0.40,0.23,0.12,0.12,0.27,0.21,0.12,0.15,0.34,0.05,0.26,0.06,0.03,0.17,0.44,0.17,0.29,0.22,0.28,0.17,0.43,0.16,0.08,0.15,0.30,0.26,0.30,0.15,0.29,1.00
0.31,0.16,0.30,0.18,0.41,0.19,0.16,0.24,0.42,0.16,0.06,0.09,0.06,0.03,0.23,0.09,0.06,0.25,0.17,0.05,0.26,0.19,0.25,0.13,0.48,0.15,0.19,0.44,0.28,0.12,1.00
0.39,0.71,0.41,0.24,0.47,0.58,0.60,0.47,0.54,0.45,0.05,0.19,0.08,0.03,0.10,0.35,0.19,0.30,0.19,0.18,0.34,0.82,0.39,0.18,0.47,0.74,0.93,0.81,0.50,0.56,0.00
0.34,0.45,0.35,0.20,0.50,0.68,0.46,0.33,0.67,0.54,0.06,0.39,0.06,0.05,0.21,1.00,0.29,0.32,0.61,0.37,0.28,0.67,0.28,0.14,0.54,0.88,0.68,0.61,0.71,0.59,0.00
0.27,0.48,0.26,0.15,0.24,0.17,0.13,0.10,0.23,0.22,0.05,0.16,0.03,0.02,0.12,0.16,0.08,0.16,0.08,0.09,0.22,0.51,0.20,0.11,0.34,0.31,0.31,0.41,0.25,0.27,1.00
0.16,0.23,0.15,0.08,0.33,0.19,0.10,0.12,0.31,0.36,0.00,0.15,0.01,0.00,0.29,0.21,0.07,0.21,0.21,0.17,0.10,0.27,0.10,0.04,0.49,0.19,0.14,0.29,0.22,0.26,1.00
0.30,0.14,0.29,0.17,0.28,0.20,0.12,0.14,0.28,0.13,0.03,0.04,0.04,0.02,0.09,0.14,0.07,0.16,0.09,0.06,0.22,0.14,0.23,0.11,0.30,0.23,0.23,0.32,0.23,0.12,1.00
0.96,0.41,0.96,0.89,0.51,0.53,0.67,0.93,0.37,0.16,0.26,0.25,0.24,0.23,0.10,0.17,0.08,0.24,0.11,0.06,0.90,0.56,0.85,0.74,0.50,0.36,0.43,0.92,0.25,0.17,0.00
0.33,0.20,0.32,0.20,0.24,0.11,0.05,0.13,0.27,0.12,0.04,0.07,0.04,0.02,0.11,0.05,0.02,0.20,0.05,0.04,0.25,0.19,0.23,0.12,0.21,0.07,0.05,0.28,0.11,0.08,1.00
0.33,0.22,0.31,0.19,0.16,0.09,0.05,0.04,0.28,0.10,0.05,0.06,0.04,0.03,0.07,0.09,0.05,0.13,0.12,0.04,0.27,0.21,0.25,0.14,0.09,0.09,0.09,0.16,0.19,0.07,1.00
0.59,0.31,0.58,0.43,0.51,0.38,0.53,0.59,0.39,0.24,0.16,0.23,0.14,0.11,0.12,0.20,0.11,0.22,0.13,0.08,0.57,0.49,0.52,0.38,0.53,0.33,0.47,0.71,0.34,0.23,0.00
0.58,0.43,0.58,0.43,0.29,0.38,0.26,0.34,0.36,0.11,0.12,0.16,0.14,0.09,0.13,0.26,0.07,0.23,0.09,0.09,0.55,0.53,0.58,0.37,0.40,0.52,0.31,0.59,0.32,0.24,0.00
0.35,0.40,0.35,0.21,0.38,0.25,0.28,0.25,0.51,0.13,0.11,0.41,0.12,0.06,0.26,0.21,0.14,0.33,0.23,0.08,0.29,0.46,0.29,0.15,0.39,0.17,0.27,0.42,0.29,0.09,0.00
0.16,0.61,0.15,0.08,0.34,0.18,0.14,0.14,0.27,0.24,0.04,0.42,0.03,0.01,0.35,0.19,0.12,0.33,0.15,0.14,0.10,0.61,0.10,0.04,0.44,0.14,0.16,0.31,0.13,0.18,1.00
0.46,0.31,0.45,0.32,0.33,0.22,0.20,0.33,0.42,0.11,0.18,0.23,0.16,0.11,0.15,0.17,0.07,0.30,0.18,0.09,0.43,0.38,0.40,0.26,0.30,0.18,0.19,0.51,0.25,0.11,0.00
0.32,0.43,0.32,0.19,0.61,0.33,0.32,0.32,0.39,0.40,0.18,0.39,0.20,0.08,0.41,0.23,0.12,0.39,0.27,0.12,0.30,0.59,0.30,0.15,0.68,0.28,0.30,0.57,0.30,0.25,0.00
0.41,0.05,0.41,0.26,0.47,0.34,0.28,0.31,0.37,0.27,0.02,0.01,0.02,0.01,0.15,0.12,0.08,0.20,0.05,0.05,0.32,0.06,0.31,0.16,0.55,0.26,0.32,0.50,0.20,0.18,1.00
0.48,0.59,0.47,0.33,0.42,0.28,0.24,0.32,0.37,0.27,0.30,0.17,0.25,0.20,0.24,0.15,0.07,0.28,0.18,0.12,0.53,0.60,0.51,0.36,0.59,0.21,0.21,0.53,0.28,0.23,0.00
0.37,0.53,0.35,0.22,0.27,0.16,0.10,0.15,0.39,0.14,0.07,0.23,0.07,0.04,0.10,0.07,0.05,0.24,0.15,0.06,0.31,0.54,0.28,0.16,0.23,0.11,0.13,0.38,0.23,0.10,1.00
0.37,0.46,0.39,0.22,0.47,0.55,0.40,0.44,0.34,0.35,0.06,0.13,0.13,0.03,0.22,0.37,0.14,0.36,0.25,0.12,0.29,0.42,0.34,0.15,0.40,0.42,0.37,0.59,0.28,0.21,0.00
0.70,0.25,0.67,0.59,0.37,0.20,0.27,0.42,0.33,0.01,0.40,0.15,0.33,0.41,0.13,0.07,0.05,0.23,0.07,0.03,0.81,0.38,0.74,0.73,0.43,0.13,0.23,0.63,0.19,0.06,0.00
0.57,0.31,0.55,0.42,0.27,0.19,0.22,0.28,0.45,0.01,0.21,0.22,0.21,0.14,0.09,0.19,0.10,0.26,0.17,0.06,0.51,0.37,0.49,0.33,0.20,0.19,0.26,0.42,0.25,0.07,0.00
0.42,0.48,0.41,0.27,0.28,0.25,0.23,0.27,0.40,0.07,0.11,0.16,0.10,0.06,0.27,0.22,0.13,0.38,0.31,0.07,0.32,0.42,0.31,0.17,0.28,0.16,0.19,0.38,0.25,0.05,0.00
0.32,0.22,0.30,0.18,0.22,0.13,0.04,0.09,0.15,0.20,0.03,0.12,0.03,0.01,0.09,0.07,0.03,0.15,0.08,0.06,0.24,0.30,0.23,0.12,0.25,0.13,0.08,0.30,0.15,0.17,1.00
0.39,0.11,0.38,0.25,0.26,0.13,0.14,0.16,0.15,0.11,0.04,0.00,0.04,0.02,0.09,0.08,0.05,0.14,0.02,0.03,0.34,0.10,0.32,0.18,0.34,0.19,0.24,0.36,0.15,0.13,1.00
0.53,0.35,0.52,0.38,0.38,0.27,0.26,0.37,0.37,0.16,0.12,0.09,0.11,0.09,0.09,0.09,0.06,0.20,0.08,0.04,0.53,0.42,0.51,0.35,0.48,0.22,0.30,0.66,0.30,0.19,0.00
0.29,0.29,0.27,0.16,0.34,0.06,0.06,0.15,0.21,0.18,0.03,0.44,0.02,0.01,0.09,0.02,0.03,0.22,0.26,0.03,0.19,0.29,0.17,0.09,0.17,0.02,0.04,0.17,0.08,0.04,1.00
0.35,0.13,0.34,0.21,0.42,0.17,0.13,0.23,0.51,0.10,0.15,0.10,0.14,0.08,0.18,0.09,0.06,0.24,0.21,0.02,0.31,0.13,0.30,0.17,0.39,0.12,0.13,0.37,0.30,0.04,1.00
0.22,0.32,0.21,0.11,0.30,0.18,0.13,0.07,0.49,0.27,0.06,0.24,0.07,0.03,0.19,0.14,0.11,0.17,0.15,0.08,0.18,0.40,0.18,0.08,0.35,0.16,0.20,0.23,0.29,0.18,1.00
0.52,0.50,0.49,0.36,0.32,0.16,0.13,0.24,0.24,0.11,0.11,0.24,0.09,0.07,0.13,0.07,0.04,0.16,0.09,0.06,0.46,0.60,0.42,0.28,0.40,0.15,0.17,0.39,0.19,0.16,0.00
